regal_sku,origin_sku,sale_Price
REGQJWTX194480,QJWT194480,12.91
REGQJWTX196480,QJWT196480,12.91
REGQJWTX200480,QJWT200480,12.91
REGQJWTX202480,QJWT202480,12.91
REGQJWTX204480,QJWT204480,12.91
REGQJWTX206480,QJWT206480,12.91
REGQJWTX210480,QJWT210480,12.91
REGQJWTX212480,QJWT212480,12.91
REGQJWTX214480,QJWT214480,12.91
REGQJWTX216480,QJWT216480,12.91
REGQJWTX220480,QJWT220480,12.91
REGQJWTX222480,QJWT222480,12.91
REGQJWTX224480,QJWT224480,12.91
REGQJWTX226480,QJWT226480,12.91
REGQJWTX230480,QJWT230480,12.91
REGQJWTX232480,QJWT232480,12.91
REGQJWTX234480,QJWT234480,12.91
REGQJWTX236480,QJWT236480,12.91
REGQJWTX240480,QJWT240480,12.91
REGQJWTX242480,QJWT242480,14.43
REGQJWTX244480,QJWT244480,14.43
REGQJWTX246480,QJWT246480,14.43
REGQJWTX250480,QJWT250480,14.43
REGQJWTX252480,QJWT252480,14.43
REGQJWTX254480,QJWT254480,14.43
REGQJWTX256480,QJWT256480,14.43
REGQJWTX260480,QJWT260480,14.43
REGQJWTX262480,QJWT262480,14.43
REGQJWTX264480,QJWT264480,14.43
REGQJWTX266480,QJWT266480,14.43
REGQJWTX270480,QJWT270480,14.43
REGQJWTX272480,QJWT272480,14.43
REGQJWTX274480,QJWT274480,14.43
REGQJWTX276480,QJWT276480,14.43
REGQJWTX280480,QJWT280480,14.43
REGQJWTX282480,QJWT282480,15.82
REGQJWTX284480,QJWT284480,15.82
REGQJWTX286480,QJWT286480,15.82
REGQJWTX290480,QJWT290480,15.82
REGQJWTX292480,QJWT292480,15.82
REGQJWTX294480,QJWT294480,15.82
REGQJWTX296480,QJWT296480,15.82
REGQJWTX300480,QJWT300480,15.82
REGQJWTX302480,QJWT302480,15.82
REGQJWTX304480,QJWT304480,15.82
REGQJWTX306480,QJWT306480,15.82
REGQJWTX310480,QJWT310480,15.82
REGQJWTX312480,QJWT312480,15.82
REGQJWTX314480,QJWT314480,15.82
REGQJWTX316480,QJWT316480,15.82
REGQJWTX320480,QJWT320480,15.82
REGQJWTX322480,QJWT322480,17.04
REGQJWTX324480,QJWT324480,17.04
REGQJWTX326480,QJWT326480,17.04
REGQJWTX330480,QJWT330480,17.04
REGQJWTX332480,QJWT332480,17.04
REGQJWTX334480,QJWT334480,17.04
REGQJWTX336480,QJWT336480,17.04
REGQJWTX340480,QJWT340480,17.04
REGQJWTX342480,QJWT342480,17.04
REGQJWTX344480,QJWT344480,17.04
REGQJWTX346480,QJWT346480,17.04
REGQJWTX350480,QJWT350480,17.04
REGQJWTX352480,QJWT352480,17.04
REGQJWTX354480,QJWT354480,17.04
REGQJWTX356480,QJWT356480,17.04
REGQJWTX360480,QJWT360480,17.04
REGQJWTX362480,QJWT362480,19.45
REGQJWTX364480,QJWT364480,19.45
REGQJWTX366480,QJWT366480,19.45
REGQJWTX370480,QJWT370480,19.45
REGQJWTX372480,QJWT372480,19.45
REGQJWTX374480,QJWT374480,19.45
REGQJWTX376480,QJWT376480,19.45
REGQJWTX380480,QJWT380480,19.45
REGQJWTX382480,QJWT382480,19.45
REGQJWTX384480,QJWT384480,19.45
REGQJWTX386480,QJWT386480,19.45
REGQJWTX390480,QJWT390480,19.45
REGQJWTX392480,QJWT392480,19.45
REGQJWTX394480,QJWT394480,19.45
REGQJWTX396480,QJWT396480,19.45
REGQJWTX400480,QJWT400480,19.45
REGQJWTX402480,QJWT402480,20.71
REGQJWTX404480,QJWT404480,20.71
REGQJWTX406480,QJWT406480,20.71
REGQJWTX410480,QJWT410480,20.71
REGQJWTX412480,QJWT412480,20.71
REGQJWTX414480,QJWT414480,20.71
REGQJWTX416480,QJWT416480,20.71
REGQJWTX420480,QJWT420480,20.71
REGQJWTX422480,QJWT422480,20.71
REGQJWTX424480,QJWT424480,20.71
REGQJWTX426480,QJWT426480,20.71
REGQJWTX430480,QJWT430480,20.71
REGQJWTX432480,QJWT432480,20.71
REGQJWTX434480,QJWT434480,20.71
REGQJWTX436480,QJWT436480,20.71
REGQJWTX440480,QJWT440480,20.71
REGQJWTX442480,QJWT442480,22.25
REGQJWTX444480,QJWT444480,22.25
REGQJWTX446480,QJWT446480,22.25
REGQJWTX450480,QJWT450480,22.25
REGQJWTX452480,QJWT452480,22.25
REGQJWTX454480,QJWT454480,22.25
REGQJWTX456480,QJWT456480,22.25
REGQJWTX460480,QJWT460480,22.25
REGQJWTX462480,QJWT462480,22.25
REGQJWTX464480,QJWT464480,22.25
REGQJWTX466480,QJWT466480,22.25
REGQJWTX470480,QJWT470480,22.25
REGQJWTX472480,QJWT472480,22.25
REGQJWTX474480,QJWT474480,22.25
REGQJWTX476480,QJWT476480,22.25
REGQJWTX480480,QJWT480480,22.25
REGQJWTX482480,QJWT482480,26.39
REGQJWTX484480,QJWT484480,26.39
REGQJWTX486480,QJWT486480,26.39
REGQJWTX490480,QJWT490480,26.39
REGQJWTX492480,QJWT492480,26.39
REGQJWTX494480,QJWT494480,26.39
REGQJWTX496480,QJWT496480,26.39
REGQJWTX500480,QJWT500480,26.39
REGQJWTX502480,QJWT502480,26.39
REGQJWTX504480,QJWT504480,26.39
REGQJWTX506480,QJWT506480,26.39
REGQJWTX510480,QJWT510480,26.39
REGQJWTX512480,QJWT512480,26.39
REGQJWTX514480,QJWT514480,26.39
REGQJWTX516480,QJWT516480,26.39
REGQJWTX520480,QJWT520480,26.39
REGQJWTX522480,QJWT522480,27.63
REGQJWTX524480,QJWT524480,27.63
REGQJWTX526480,QJWT526480,27.63
REGQJWTX530480,QJWT530480,27.63
REGQJWTX532480,QJWT532480,27.63
REGQJWTX534480,QJWT534480,27.63
REGQJWTX536480,QJWT536480,27.63
REGQJWTX540480,QJWT540480,27.63
REGQJWTX542480,QJWT542480,27.63
REGQJWTX544480,QJWT544480,27.63
REGQJWTX546480,QJWT546480,27.63
REGQJWTX550480,QJWT550480,27.63
REGQJWTX552480,QJWT552480,27.63
REGQJWTX554480,QJWT554480,27.63
REGQJWTX556480,QJWT556480,27.63
REGQJWTX560480,QJWT560480,27.63
REGQJWTX562480,QJWT562480,27.84
REGQJWTX564480,QJWT564480,27.84
REGQJWTX566480,QJWT566480,27.84
REGQJWTX570480,QJWT570480,27.84
REGQJWTX572480,QJWT572480,27.84
REGQJWTX574480,QJWT574480,27.84
REGQJWTX576480,QJWT576480,27.84
REGQJWTX580480,QJWT580480,27.84
REGQJWTX582480,QJWT582480,27.84
REGQJWTX584480,QJWT584480,27.84
REGQJWTX586480,QJWT586480,27.84
REGQJWTX590480,QJWT590480,27.84
REGQJWTX592480,QJWT592480,27.84
REGQJWTX594480,QJWT594480,27.84
REGQJWTX596480,QJWT596480,27.84
REGQJWTX600480,QJWT600480,27.84
REGQJWTX602480,QJWT602480,28.18
REGQJWTX604480,QJWT604480,28.18
REGQJWTX606480,QJWT606480,28.18
REGQJWTX610480,QJWT610480,28.18
REGQJWTX612480,QJWT612480,28.18
REGQJWTX614480,QJWT614480,28.18
REGQJWTX616480,QJWT616480,28.18
REGQJWTX620480,QJWT620480,28.18
REGQJWTX622480,QJWT622480,28.18
REGQJWTX624480,QJWT624480,28.18
REGQJWTX626480,QJWT626480,28.18
REGQJWTX630480,QJWT630480,28.18
REGQJWTX632480,QJWT632480,28.18
REGQJWTX634480,QJWT634480,28.18
REGQJWTX636480,QJWT636480,28.18
REGQJWTX640480,QJWT640480,28.18
REGQJWTX642480,QJWT642480,31.11
REGQJWTX644480,QJWT644480,31.11
REGQJWTX646480,QJWT646480,31.11
REGQJWTX650480,QJWT650480,31.11
REGQJWTX652480,QJWT652480,31.11
REGQJWTX654480,QJWT654480,31.11
REGQJWTX656480,QJWT656480,31.11
REGQJWTX660480,QJWT660480,31.11
REGQJWTX662480,QJWT662480,31.11
REGQJWTX664480,QJWT664480,31.11
REGQJWTX666480,QJWT666480,31.11
REGQJWTX670480,QJWT670480,31.11
REGQJWTX672480,QJWT672480,31.11
REGQJWTX674480,QJWT674480,31.11
REGQJWTX676480,QJWT676480,31.11
REGQJWTX680480,QJWT680480,31.11
REGQJWTX682480,QJWT682480,32.52
REGQJWTX684480,QJWT684480,32.52
REGQJWTX686480,QJWT686480,32.52
REGQJWTX690480,QJWT690480,32.52
REGQJWTX692480,QJWT692480,32.52
REGQJWTX694480,QJWT694480,32.52
REGQJWTX696480,QJWT696480,32.52
REGQJWTX700480,QJWT700480,32.52
REGQJWTX702480,QJWT702480,32.52
REGQJWTX704480,QJWT704480,32.52
REGQJWTX706480,QJWT706480,32.52
REGQJWTX710480,QJWT710480,32.52
REGQJWTX712480,QJWT712480,32.52
REGQJWTX714480,QJWT714480,32.52
REGQJWTX194640,QJWT194640,14.66
REGQJWTX196640,QJWT196640,14.66
REGQJWTX200640,QJWT200640,14.66
REGQJWTX202640,QJWT202640,14.66
REGQJWTX204640,QJWT204640,14.66
REGQJWTX206640,QJWT206640,14.66
REGQJWTX210640,QJWT210640,14.66
REGQJWTX212640,QJWT212640,14.66
REGQJWTX214640,QJWT214640,14.66
REGQJWTX216640,QJWT216640,14.66
REGQJWTX220640,QJWT220640,14.66
REGQJWTX222640,QJWT222640,14.66
REGQJWTX224640,QJWT224640,14.66
REGQJWTX226640,QJWT226640,14.66
REGQJWTX230640,QJWT230640,14.66
REGQJWTX232640,QJWT232640,14.66
REGQJWTX234640,QJWT234640,14.66
REGQJWTX236640,QJWT236640,14.66
REGQJWTX240640,QJWT240640,14.66
REGQJWTX242640,QJWT242640,16.64
REGQJWTX244640,QJWT244640,16.64
REGQJWTX246640,QJWT246640,16.64
REGQJWTX250640,QJWT250640,16.64
REGQJWTX252640,QJWT252640,16.64
REGQJWTX254640,QJWT254640,16.64
REGQJWTX256640,QJWT256640,16.64
REGQJWTX260640,QJWT260640,16.64
REGQJWTX262640,QJWT262640,16.64
REGQJWTX264640,QJWT264640,16.64
REGQJWTX266640,QJWT266640,16.64
REGQJWTX270640,QJWT270640,16.64
REGQJWTX272640,QJWT272640,16.64
REGQJWTX274640,QJWT274640,16.64
REGQJWTX276640,QJWT276640,16.64
REGQJWTX280640,QJWT280640,16.64
REGQJWTX282640,QJWT282640,18.27
REGQJWTX284640,QJWT284640,18.27
REGQJWTX286640,QJWT286640,18.27
REGQJWTX290640,QJWT290640,18.27
REGQJWTX292640,QJWT292640,18.27
REGQJWTX294640,QJWT294640,18.27
REGQJWTX296640,QJWT296640,18.27
REGQJWTX300640,QJWT300640,18.27
REGQJWTX302640,QJWT302640,18.27
REGQJWTX304640,QJWT304640,18.27
REGQJWTX306640,QJWT306640,18.27
REGQJWTX310640,QJWT310640,18.27
REGQJWTX312640,QJWT312640,18.27
REGQJWTX314640,QJWT314640,18.27
REGQJWTX316640,QJWT316640,18.27
REGQJWTX320640,QJWT320640,18.27
REGQJWTX322640,QJWT322640,19.71
REGQJWTX324640,QJWT324640,19.71
REGQJWTX326640,QJWT326640,19.71
REGQJWTX330640,QJWT330640,19.71
REGQJWTX332640,QJWT332640,19.71
REGQJWTX334640,QJWT334640,19.71
REGQJWTX336640,QJWT336640,19.71
REGQJWTX340640,QJWT340640,19.02
REGQJWTX342640,QJWT342640,19.71
REGQJWTX344640,QJWT344640,19.71
REGQJWTX346640,QJWT346640,19.71
REGQJWTX350640,QJWT350640,19.71
REGQJWTX352640,QJWT352640,19.71
REGQJWTX354640,QJWT354640,19.71
REGQJWTX356640,QJWT356640,19.71
REGQJWTX360640,QJWT360640,19.71
REGQJWTX362640,QJWT362640,22.39
REGQJWTX364640,QJWT364640,22.39
REGQJWTX366640,QJWT366640,22.39
REGQJWTX370640,QJWT370640,22.39
REGQJWTX372640,QJWT372640,22.39
REGQJWTX374640,QJWT374640,22.39
REGQJWTX376640,QJWT376640,22.39
REGQJWTX380640,QJWT380640,22.39
REGQJWTX382640,QJWT382640,22.39
REGQJWTX384640,QJWT384640,22.39
REGQJWTX386640,QJWT386640,22.39
REGQJWTX390640,QJWT390640,22.39
REGQJWTX392640,QJWT392640,22.39
REGQJWTX394640,QJWT394640,22.39
REGQJWTX396640,QJWT396640,22.39
REGQJWTX400640,QJWT400640,22.39
REGQJWTX402640,QJWT402640,24.05
REGQJWTX404640,QJWT404640,24.05
REGQJWTX406640,QJWT406640,24.05
REGQJWTX410640,QJWT410640,24.05
REGQJWTX412640,QJWT412640,24.05
REGQJWTX414640,QJWT414640,24.05
REGQJWTX416640,QJWT416640,24.05
REGQJWTX420640,QJWT420640,24.05
REGQJWTX422640,QJWT422640,24.05
REGQJWTX424640,QJWT424640,24.05
REGQJWTX426640,QJWT426640,24.05
REGQJWTX430640,QJWT430640,24.05
REGQJWTX432640,QJWT432640,24.05
REGQJWTX434640,QJWT434640,24.05
REGQJWTX436640,QJWT436640,24.05
REGQJWTX440640,QJWT440640,24.05
REGQJWTX442640,QJWT442640,25.7
REGQJWTX444640,QJWT444640,25.7
REGQJWTX446640,QJWT446640,25.7
REGQJWTX450640,QJWT450640,25.7
REGQJWTX452640,QJWT452640,25.7
REGQJWTX454640,QJWT454640,25.7
REGQJWTX456640,QJWT456640,25.7
REGQJWTX460640,QJWT460640,25.7
REGQJWTX462640,QJWT462640,25.7
REGQJWTX464640,QJWT464640,25.7
REGQJWTX466640,QJWT466640,25.7
REGQJWTX470640,QJWT470640,25.7
REGQJWTX472640,QJWT472640,25.7
REGQJWTX474640,QJWT474640,25.7
REGQJWTX476640,QJWT476640,25.7
REGQJWTX480640,QJWT480640,25.7
REGQJWTX482640,QJWT482640,30.05
REGQJWTX484640,QJWT484640,30.05
REGQJWTX486640,QJWT486640,30.05
REGQJWTX490640,QJWT490640,30.05
REGQJWTX492640,QJWT492640,30.05
REGQJWTX494640,QJWT494640,30.05
REGQJWTX496640,QJWT496640,30.05
REGQJWTX500640,QJWT500640,30.05
REGQJWTX502640,QJWT502640,30.05
REGQJWTX504640,QJWT504640,30.05
REGQJWTX506640,QJWT506640,30.05
REGQJWTX510640,QJWT510640,30.05
REGQJWTX512640,QJWT512640,30.05
REGQJWTX514640,QJWT514640,30.05
REGQJWTX516640,QJWT516640,30.05
REGQJWTX520640,QJWT520640,30.05
REGQJWTX522640,QJWT522640,31.75
REGQJWTX524640,QJWT524640,31.75
REGQJWTX526640,QJWT526640,31.75
REGQJWTX530640,QJWT530640,31.75
REGQJWTX532640,QJWT532640,31.75
REGQJWTX534640,QJWT534640,31.75
REGQJWTX536640,QJWT536640,31.75
REGQJWTX540640,QJWT540640,31.75
REGQJWTX542640,QJWT542640,31.75
REGQJWTX544640,QJWT544640,31.75
REGQJWTX546640,QJWT546640,31.75
REGQJWTX550640,QJWT550640,31.75
REGQJWTX552640,QJWT552640,31.75
REGQJWTX554640,QJWT554640,31.75
REGQJWTX556640,QJWT556640,31.75
REGQJWTX560640,QJWT560640,31.75
REGQJWTX562640,QJWT562640,33.25
REGQJWTX564640,QJWT564640,33.25
REGQJWTX566640,QJWT566640,33.25
REGQJWTX570640,QJWT570640,33.25
REGQJWTX572640,QJWT572640,33.25
REGQJWTX574640,QJWT574640,33.25
REGQJWTX576640,QJWT576640,33.25
REGQJWTX580640,QJWT580640,33.25
REGQJWTX582640,QJWT582640,33.25
REGQJWTX584640,QJWT584640,33.25
REGQJWTX586640,QJWT586640,33.25
REGQJWTX590640,QJWT590640,33.25
REGQJWTX592640,QJWT592640,33.25
REGQJWTX594640,QJWT594640,33.25
REGQJWTX596640,QJWT596640,33.25
REGQJWTX600640,QJWT600640,33.25
REGQJWTX602640,QJWT602640,34.96
REGQJWTX604640,QJWT604640,34.96
REGQJWTX606640,QJWT606640,34.96
REGQJWTX610640,QJWT610640,34.96
REGQJWTX612640,QJWT612640,34.96
REGQJWTX614640,QJWT614640,34.96
REGQJWTX616640,QJWT616640,34.96
REGQJWTX620640,QJWT620640,34.96
REGQJWTX622640,QJWT622640,34.96
REGQJWTX624640,QJWT624640,34.96
REGQJWTX626640,QJWT626640,34.96
REGQJWTX630640,QJWT630640,34.96
REGQJWTX632640,QJWT632640,34.96
REGQJWTX634640,QJWT634640,34.96
REGQJWTX636640,QJWT636640,34.96
REGQJWTX640640,QJWT640640,34.96
REGQJWTX642640,QJWT642640,36.5
REGQJWTX644640,QJWT644640,36.5
REGQJWTX646640,QJWT646640,36.5
REGQJWTX650640,QJWT650640,36.5
REGQJWTX652640,QJWT652640,36.5
REGQJWTX654640,QJWT654640,36.5
REGQJWTX656640,QJWT656640,36.5
REGQJWTX660640,QJWT660640,36.5
REGQJWTX662640,QJWT662640,36.5
REGQJWTX664640,QJWT664640,36.5
REGQJWTX666640,QJWT666640,36.5
REGQJWTX670640,QJWT670640,36.5
REGQJWTX672640,QJWT672640,36.5
REGQJWTX674640,QJWT674640,36.5
REGQJWTX676640,QJWT676640,36.5
REGQJWTX680640,QJWT680640,36.5
REGQJWTX682640,QJWT682640,38
REGQJWTX684640,QJWT684640,38
REGQJWTX686640,QJWT686640,38
REGQJWTX690640,QJWT690640,38
REGQJWTX692640,QJWT692640,38
REGQJWTX694640,QJWT694640,38
REGQJWTX696640,QJWT696640,38
REGQJWTX700640,QJWT700640,38
REGQJWTX702640,QJWT702640,38
REGQJWTX704640,QJWT704640,38
REGQJWTX706640,QJWT706640,38
REGQJWTX710640,QJWT710640,38
REGQJWTX712640,QJWT712640,38
REGQJWTX714640,QJWT714640,38
REGQJWTX194720,QJWT194720,16.29
REGQJWTX196720,QJWT196720,16.29
REGQJWTX200720,QJWT200720,16.29
REGQJWTX202720,QJWT202720,16.29
REGQJWTX204720,QJWT204720,16.29
REGQJWTX206720,QJWT206720,16.29
REGQJWTX210720,QJWT210720,16.29
REGQJWTX212720,QJWT212720,16.29
REGQJWTX214720,QJWT214720,16.29
REGQJWTX216720,QJWT216720,16.29
REGQJWTX220720,QJWT220720,16.29
REGQJWTX222720,QJWT222720,16.29
REGQJWTX224720,QJWT224720,16.29
REGQJWTX226720,QJWT226720,16.29
REGQJWTX230720,QJWT230720,16.29
REGQJWTX232720,QJWT232720,16.29
REGQJWTX234720,QJWT234720,16.29
REGQJWTX236720,QJWT236720,16.29
REGQJWTX240720,QJWT240720,16.29
REGQJWTX242720,QJWT242720,18.5
REGQJWTX244720,QJWT244720,18.5
REGQJWTX246720,QJWT246720,18.5
REGQJWTX250720,QJWT250720,18.5
REGQJWTX252720,QJWT252720,18.5
REGQJWTX254720,QJWT254720,18.5
REGQJWTX256720,QJWT256720,18.5
REGQJWTX260720,QJWT260720,18.5
REGQJWTX262720,QJWT262720,18.5
REGQJWTX264720,QJWT264720,18.5
REGQJWTX266720,QJWT266720,18.5
REGQJWTX270720,QJWT270720,18.5
REGQJWTX272720,QJWT272720,18.5
REGQJWTX274720,QJWT274720,18.5
REGQJWTX276720,QJWT276720,18.5
REGQJWTX280720,QJWT280720,18.5
REGQJWTX282720,QJWT282720,20.34
REGQJWTX284720,QJWT284720,20.34
REGQJWTX286720,QJWT286720,20.34
REGQJWTX290720,QJWT290720,20.34
REGQJWTX292720,QJWT292720,20.34
REGQJWTX294720,QJWT294720,20.34
REGQJWTX296720,QJWT296720,20.34
REGQJWTX300720,QJWT300720,20.34
REGQJWTX302720,QJWT302720,20.34
REGQJWTX304720,QJWT304720,20.34
REGQJWTX306720,QJWT306720,20.34
REGQJWTX310720,QJWT310720,20.34
REGQJWTX312720,QJWT312720,20.34
REGQJWTX314720,QJWT314720,20.34
REGQJWTX316720,QJWT316720,20.34
REGQJWTX320720,QJWT320720,20.34
REGQJWTX322720,QJWT322720,22.14
REGQJWTX324720,QJWT324720,22.14
REGQJWTX326720,QJWT326720,22.14
REGQJWTX330720,QJWT330720,22.14
REGQJWTX332720,QJWT332720,22.14
REGQJWTX334720,QJWT334720,22.14
REGQJWTX336720,QJWT336720,22.14
REGQJWTX340720,QJWT340720,21.25
REGQJWTX342720,QJWT342720,22.14
REGQJWTX344720,QJWT344720,22.14
REGQJWTX346720,QJWT346720,22.14
REGQJWTX350720,QJWT350720,22.14
REGQJWTX352720,QJWT352720,22.14
REGQJWTX354720,QJWT354720,22.14
REGQJWTX356720,QJWT356720,22.14
REGQJWTX360720,QJWT360720,22.14
REGQJWTX362720,QJWT362720,25.11
REGQJWTX364720,QJWT364720,25.11
REGQJWTX366720,QJWT366720,25.11
REGQJWTX370720,QJWT370720,25.11
REGQJWTX372720,QJWT372720,25.11
REGQJWTX374720,QJWT374720,25.11
REGQJWTX376720,QJWT376720,25.11
REGQJWTX380720,QJWT380720,25.11
REGQJWTX382720,QJWT382720,25.11
REGQJWTX384720,QJWT384720,25.11
REGQJWTX386720,QJWT386720,25.11
REGQJWTX390720,QJWT390720,25.11
REGQJWTX392720,QJWT392720,25.11
REGQJWTX394720,QJWT394720,25.11
REGQJWTX396720,QJWT396720,25.11
REGQJWTX400720,QJWT400720,25.11
REGQJWTX402720,QJWT402720,26.8
REGQJWTX404720,QJWT404720,26.8
REGQJWTX406720,QJWT406720,26.8
REGQJWTX410720,QJWT410720,26.8
REGQJWTX412720,QJWT412720,26.8
REGQJWTX414720,QJWT414720,26.8
REGQJWTX416720,QJWT416720,26.8
REGQJWTX420720,QJWT420720,26.8
REGQJWTX422720,QJWT422720,26.8
REGQJWTX424720,QJWT424720,26.8
REGQJWTX426720,QJWT426720,26.8
REGQJWTX430720,QJWT430720,26.8
REGQJWTX432720,QJWT432720,26.8
REGQJWTX434720,QJWT434720,26.8
REGQJWTX436720,QJWT436720,26.8
REGQJWTX440720,QJWT440720,26.8
REGQJWTX442720,QJWT442720,30.98
REGQJWTX444720,QJWT444720,30.98
REGQJWTX446720,QJWT446720,30.98
REGQJWTX450720,QJWT450720,30.98
REGQJWTX452720,QJWT452720,30.98
REGQJWTX454720,QJWT454720,30.98
REGQJWTX456720,QJWT456720,30.98
REGQJWTX460720,QJWT460720,30.98
REGQJWTX462720,QJWT462720,30.98
REGQJWTX464720,QJWT464720,30.98
REGQJWTX466720,QJWT466720,30.98
REGQJWTX470720,QJWT470720,30.98
REGQJWTX472720,QJWT472720,30.98
REGQJWTX474720,QJWT474720,30.98
REGQJWTX476720,QJWT476720,30.98
REGQJWTX480720,QJWT480720,30.98
REGQJWTX482720,QJWT482720,33.64
REGQJWTX484720,QJWT484720,33.64
REGQJWTX486720,QJWT486720,33.64
REGQJWTX490720,QJWT490720,33.64
REGQJWTX492720,QJWT492720,33.64
REGQJWTX494720,QJWT494720,33.64
REGQJWTX496720,QJWT496720,33.64
REGQJWTX500720,QJWT500720,33.64
REGQJWTX502720,QJWT502720,33.64
REGQJWTX504720,QJWT504720,33.64
REGQJWTX506720,QJWT506720,33.64
REGQJWTX510720,QJWT510720,33.64
REGQJWTX512720,QJWT512720,33.64
REGQJWTX514720,QJWT514720,33.64
REGQJWTX516720,QJWT516720,33.64
REGQJWTX520720,QJWT520720,33.64
REGQJWTX522720,QJWT522720,35.55
REGQJWTX524720,QJWT524720,35.55
REGQJWTX526720,QJWT526720,35.55
REGQJWTX530720,QJWT530720,35.55
REGQJWTX532720,QJWT532720,35.55
REGQJWTX534720,QJWT534720,35.55
REGQJWTX536720,QJWT536720,35.55
REGQJWTX540720,QJWT540720,35.55
REGQJWTX542720,QJWT542720,35.55
REGQJWTX544720,QJWT544720,35.55
REGQJWTX546720,QJWT546720,35.55
REGQJWTX550720,QJWT550720,35.55
REGQJWTX552720,QJWT552720,35.55
REGQJWTX554720,QJWT554720,35.55
REGQJWTX556720,QJWT556720,35.55
REGQJWTX560720,QJWT560720,35.55
REGQJWTX562720,QJWT562720,37.29
REGQJWTX564720,QJWT564720,37.29
REGQJWTX566720,QJWT566720,37.29
REGQJWTX570720,QJWT570720,37.29
REGQJWTX572720,QJWT572720,37.29
REGQJWTX574720,QJWT574720,37.29
REGQJWTX576720,QJWT576720,37.29
REGQJWTX580720,QJWT580720,37.29
REGQJWTX582720,QJWT582720,37.29
REGQJWTX584720,QJWT584720,37.29
REGQJWTX586720,QJWT586720,37.29
REGQJWTX590720,QJWT590720,37.29
REGQJWTX592720,QJWT592720,37.29
REGQJWTX594720,QJWT594720,37.29
REGQJWTX596720,QJWT596720,37.29
REGQJWTX600720,QJWT600720,37.29
REGQJWTX602720,QJWT602720,39.18
REGQJWTX604720,QJWT604720,39.18
REGQJWTX606720,QJWT606720,39.18
REGQJWTX610720,QJWT610720,39.18
REGQJWTX612720,QJWT612720,39.18
REGQJWTX614720,QJWT614720,39.18
REGQJWTX616720,QJWT616720,39.18
REGQJWTX620720,QJWT620720,39.18
REGQJWTX622720,QJWT622720,39.18
REGQJWTX624720,QJWT624720,39.18
REGQJWTX626720,QJWT626720,39.18
REGQJWTX630720,QJWT630720,39.18
REGQJWTX632720,QJWT632720,39.18
REGQJWTX634720,QJWT634720,39.18
REGQJWTX636720,QJWT636720,39.18
REGQJWTX640720,QJWT640720,39.18
REGQJWTX642720,QJWT642720,40.89
REGQJWTX644720,QJWT644720,40.89
REGQJWTX646720,QJWT646720,40.89
REGQJWTX650720,QJWT650720,40.89
REGQJWTX652720,QJWT652720,40.89
REGQJWTX654720,QJWT654720,40.89
REGQJWTX656720,QJWT656720,40.89
REGQJWTX660720,QJWT660720,40.89
REGQJWTX662720,QJWT662720,40.89
REGQJWTX664720,QJWT664720,40.89
REGQJWTX666720,QJWT666720,40.89
REGQJWTX670720,QJWT670720,40.89
REGQJWTX672720,QJWT672720,40.89
REGQJWTX674720,QJWT674720,40.89
REGQJWTX676720,QJWT676720,40.89
REGQJWTX680720,QJWT680720,40.89
REGQJWTX682720,QJWT682720,42.79
REGQJWTX684720,QJWT684720,42.79
REGQJWTX686720,QJWT686720,42.79
REGQJWTX690720,QJWT690720,42.79
REGQJWTX692720,QJWT692720,42.79
REGQJWTX694720,QJWT694720,42.79
REGQJWTX696720,QJWT696720,42.79
REGQJWTX700720,QJWT700720,42.79
REGQJWTX702720,QJWT702720,42.79
REGQJWTX704720,QJWT704720,42.79
REGQJWTX706720,QJWT706720,42.79
REGQJWTX710720,QJWT710720,42.79
REGQJWTX712720,QJWT712720,42.79
REGQJWTX714720,QJWT714720,42.79
REGQJWTX194840,QJWT194840,18.38
REGQJWTX196840,QJWT196840,18.38
REGQJWTX200840,QJWT200840,18.38
REGQJWTX202840,QJWT202840,18.38
REGQJWTX204840,QJWT204840,18.38
REGQJWTX206840,QJWT206840,18.38
REGQJWTX210840,QJWT210840,18.38
REGQJWTX212840,QJWT212840,18.38
REGQJWTX214840,QJWT214840,18.38
REGQJWTX216840,QJWT216840,18.38
REGQJWTX220840,QJWT220840,18.38
REGQJWTX222840,QJWT222840,18.38
REGQJWTX224840,QJWT224840,18.38
REGQJWTX226840,QJWT226840,18.38
REGQJWTX230840,QJWT230840,18.38
REGQJWTX232840,QJWT232840,18.38
REGQJWTX234840,QJWT234840,18.38
REGQJWTX236840,QJWT236840,18.38
REGQJWTX240840,QJWT240840,18.38
REGQJWTX242840,QJWT242840,20.7
REGQJWTX244840,QJWT244840,20.7
REGQJWTX246840,QJWT246840,20.7
REGQJWTX250840,QJWT250840,20.7
REGQJWTX252840,QJWT252840,20.7
REGQJWTX254840,QJWT254840,20.7
REGQJWTX256840,QJWT256840,20.7
REGQJWTX260840,QJWT260840,20.7
REGQJWTX262840,QJWT262840,20.7
REGQJWTX264840,QJWT264840,20.7
REGQJWTX266840,QJWT266840,20.7
REGQJWTX270840,QJWT270840,20.7
REGQJWTX272840,QJWT272840,20.7
REGQJWTX274840,QJWT274840,20.7
REGQJWTX276840,QJWT276840,20.7
REGQJWTX280840,QJWT280840,20.7
REGQJWTX282840,QJWT282840,22.8
REGQJWTX284840,QJWT284840,22.8
REGQJWTX286840,QJWT286840,22.8
REGQJWTX290840,QJWT290840,22.8
REGQJWTX292840,QJWT292840,22.8
REGQJWTX294840,QJWT294840,22.8
REGQJWTX296840,QJWT296840,22.8
REGQJWTX300840,QJWT300840,22.8
REGQJWTX302840,QJWT302840,22.8
REGQJWTX304840,QJWT304840,22.8
REGQJWTX306840,QJWT306840,22.8
REGQJWTX310840,QJWT310840,22.8
REGQJWTX312840,QJWT312840,22.8
REGQJWTX314840,QJWT314840,22.8
REGQJWTX316840,QJWT316840,22.8
REGQJWTX320840,QJWT320840,22.8
REGQJWTX322840,QJWT322840,24.64
REGQJWTX324840,QJWT324840,24.64
REGQJWTX326840,QJWT326840,24.64
REGQJWTX330840,QJWT330840,24.64
REGQJWTX332840,QJWT332840,24.64
REGQJWTX334840,QJWT334840,24.64
REGQJWTX336840,QJWT336840,24.64
REGQJWTX340840,QJWT340840,24.64
REGQJWTX342840,QJWT342840,24.64
REGQJWTX344840,QJWT344840,24.64
REGQJWTX346840,QJWT346840,24.64
REGQJWTX350840,QJWT350840,24.64
REGQJWTX352840,QJWT352840,24.64
REGQJWTX354840,QJWT354840,24.64
REGQJWTX356840,QJWT356840,24.64
REGQJWTX360840,QJWT360840,24.64
REGQJWTX362840,QJWT362840,30.66
REGQJWTX364840,QJWT364840,30.66
REGQJWTX366840,QJWT366840,30.66
REGQJWTX370840,QJWT370840,30.66
REGQJWTX372840,QJWT372840,30.66
REGQJWTX374840,QJWT374840,30.66
REGQJWTX376840,QJWT376840,30.66
REGQJWTX380840,QJWT380840,30.66
REGQJWTX382840,QJWT382840,30.66
REGQJWTX384840,QJWT384840,30.66
REGQJWTX386840,QJWT386840,30.66
REGQJWTX390840,QJWT390840,30.66
REGQJWTX392840,QJWT392840,30.66
REGQJWTX394840,QJWT394840,30.66
REGQJWTX396840,QJWT396840,30.66
REGQJWTX400840,QJWT400840,30.66
REGQJWTX402840,QJWT402840,32.73
REGQJWTX404840,QJWT404840,32.73
REGQJWTX406840,QJWT406840,32.73
REGQJWTX410840,QJWT410840,32.73
REGQJWTX412840,QJWT412840,32.73
REGQJWTX414840,QJWT414840,32.73
REGQJWTX416840,QJWT416840,32.73
REGQJWTX420840,QJWT420840,32.73
REGQJWTX422840,QJWT422840,32.73
REGQJWTX424840,QJWT424840,32.73
REGQJWTX426840,QJWT426840,32.73
REGQJWTX430840,QJWT430840,32.73
REGQJWTX432840,QJWT432840,32.73
REGQJWTX434840,QJWT434840,32.73
REGQJWTX436840,QJWT436840,32.73
REGQJWTX440840,QJWT440840,32.73
REGQJWTX442840,QJWT442840,34.95
REGQJWTX444840,QJWT444840,34.95
REGQJWTX446840,QJWT446840,34.95
REGQJWTX450840,QJWT450840,34.95
REGQJWTX452840,QJWT452840,34.95
REGQJWTX454840,QJWT454840,34.95
REGQJWTX456840,QJWT456840,34.95
REGQJWTX460840,QJWT460840,34.95
REGQJWTX462840,QJWT462840,34.95
REGQJWTX464840,QJWT464840,34.95
REGQJWTX466840,QJWT466840,34.95
REGQJWTX470840,QJWT470840,34.95
REGQJWTX472840,QJWT472840,34.95
REGQJWTX474840,QJWT474840,34.95
REGQJBKX194480,QJBK194480,13.07
REGQJBKX196480,QJBK196480,13.07
REGQJBKX200480,QJBK200480,13.07
REGQJBKX202480,QJBK202480,13.07
REGQJBKX204480,QJBK204480,13.07
REGQJBKX206480,QJBK206480,13.07
REGQJBKX210480,QJBK210480,13.07
REGQJBKX212480,QJBK212480,13.07
REGQJBKX214480,QJBK214480,13.07
REGQJBKX216480,QJBK216480,13.07
REGQJBKX220480,QJBK220480,13.07
REGQJBKX222480,QJBK222480,13.07
REGQJBKX224480,QJBK224480,13.07
REGQJBKX226480,QJBK226480,13.07
REGQJBKX230480,QJBK230480,13.07
REGQJBKX232480,QJBK232480,13.07
REGQJBKX234480,QJBK234480,13.07
REGQJBKX236480,QJBK236480,13.07
REGQJBKX240480,QJBK240480,13.07
REGQJBKX242480,QJBK242480,14.68
REGQJBKX244480,QJBK244480,14.68
REGQJBKX246480,QJBK246480,14.68
REGQJBKX250480,QJBK250480,14.68
REGQJBKX252480,QJBK252480,14.68
REGQJBKX254480,QJBK254480,14.68
REGQJBKX256480,QJBK256480,14.68
REGQJBKX260480,QJBK260480,14.68
REGQJBKX262480,QJBK262480,14.68
REGQJBKX264480,QJBK264480,14.68
REGQJBKX266480,QJBK266480,14.68
REGQJBKX270480,QJBK270480,14.68
REGQJBKX272480,QJBK272480,14.68
REGQJBKX274480,QJBK274480,14.68
REGQJBKX276480,QJBK276480,14.68
REGQJBKX280480,QJBK280480,14.68
REGQJBKX282480,QJBK282480,16.18
REGQJBKX284480,QJBK284480,16.18
REGQJBKX286480,QJBK286480,16.18
REGQJBKX290480,QJBK290480,16.18
REGQJBKX292480,QJBK292480,16.18
REGQJBKX294480,QJBK294480,16.18
REGQJBKX296480,QJBK296480,16.18
REGQJBKX300480,QJBK300480,16.18
REGQJBKX302480,QJBK302480,16.18
REGQJBKX304480,QJBK304480,16.18
REGQJBKX306480,QJBK306480,16.18
REGQJBKX310480,QJBK310480,16.18
REGQJBKX312480,QJBK312480,16.18
REGQJBKX314480,QJBK314480,16.18
REGQJBKX316480,QJBK316480,16.18
REGQJBKX320480,QJBK320480,16.18
REGQJBKX322480,QJBK322480,17.71
REGQJBKX324480,QJBK324480,17.71
REGQJBKX326480,QJBK326480,17.71
REGQJBKX330480,QJBK330480,17.71
REGQJBKX332480,QJBK332480,17.71
REGQJBKX334480,QJBK334480,17.71
REGQJBKX336480,QJBK336480,17.71
REGQJBKX340480,QJBK340480,17.71
REGQJBKX342480,QJBK342480,17.71
REGQJBKX344480,QJBK344480,17.71
REGQJBKX346480,QJBK346480,17.71
REGQJBKX350480,QJBK350480,17.71
REGQJBKX352480,QJBK352480,17.71
REGQJBKX354480,QJBK354480,17.71
REGQJBKX356480,QJBK356480,17.71
REGQJBKX360480,QJBK360480,17.71
REGQJBKX362480,QJBK362480,20.23
REGQJBKX364480,QJBK364480,20.23
REGQJBKX366480,QJBK366480,20.23
REGQJBKX370480,QJBK370480,20.23
REGQJBKX372480,QJBK372480,20.23
REGQJBKX374480,QJBK374480,20.23
REGQJBKX376480,QJBK376480,20.23
REGQJBKX380480,QJBK380480,20.23
REGQJBKX382480,QJBK382480,20.23
REGQJBKX384480,QJBK384480,20.23
REGQJBKX386480,QJBK386480,20.23
REGQJBKX390480,QJBK390480,20.23
REGQJBKX392480,QJBK392480,20.23
REGQJBKX394480,QJBK394480,20.23
REGQJBKX396480,QJBK396480,20.23
REGQJBKX400480,QJBK400480,20.23
REGQJBKX402480,QJBK402480,21.61
REGQJBKX404480,QJBK404480,21.61
REGQJBKX406480,QJBK406480,21.61
REGQJBKX410480,QJBK410480,21.61
REGQJBKX412480,QJBK412480,21.61
REGQJBKX414480,QJBK414480,21.61
REGQJBKX416480,QJBK416480,21.61
REGQJBKX420480,QJBK420480,21.61
REGQJBKX422480,QJBK422480,21.61
REGQJBKX424480,QJBK424480,21.61
REGQJBKX426480,QJBK426480,21.61
REGQJBKX430480,QJBK430480,21.61
REGQJBKX432480,QJBK432480,21.61
REGQJBKX434480,QJBK434480,21.61
REGQJBKX436480,QJBK436480,21.61
REGQJBKX440480,QJBK440480,21.61
REGQJBKX442480,QJBK442480,23.2
REGQJBKX444480,QJBK444480,23.2
REGQJBKX446480,QJBK446480,23.2
REGQJBKX450480,QJBK450480,23.2
REGQJBKX452480,QJBK452480,23.2
REGQJBKX454480,QJBK454480,23.2
REGQJBKX456480,QJBK456480,23.2
REGQJBKX460480,QJBK460480,23.2
REGQJBKX462480,QJBK462480,23.2
REGQJBKX464480,QJBK464480,23.2
REGQJBKX466480,QJBK466480,23.2
REGQJBKX470480,QJBK470480,23.2
REGQJBKX472480,QJBK472480,23.2
REGQJBKX474480,QJBK474480,23.2
REGQJBKX476480,QJBK476480,23.2
REGQJBKX480480,QJBK480480,23.2
REGQJBKX482480,QJBK482480,27.36
REGQJBKX484480,QJBK484480,27.36
REGQJBKX486480,QJBK486480,27.36
REGQJBKX490480,QJBK490480,27.36
REGQJBKX492480,QJBK492480,27.36
REGQJBKX494480,QJBK494480,27.36
REGQJBKX496480,QJBK496480,27.36
REGQJBKX500480,QJBK500480,27.36
REGQJBKX502480,QJBK502480,27.36
REGQJBKX504480,QJBK504480,27.36
REGQJBKX506480,QJBK506480,27.36
REGQJBKX510480,QJBK510480,27.36
REGQJBKX512480,QJBK512480,27.36
REGQJBKX514480,QJBK514480,27.36
REGQJBKX516480,QJBK516480,27.36
REGQJBKX520480,QJBK520480,27.36
REGQJBKX522480,QJBK522480,28.75
REGQJBKX524480,QJBK524480,28.75
REGQJBKX526480,QJBK526480,28.75
REGQJBKX530480,QJBK530480,28.75
REGQJBKX532480,QJBK532480,28.75
REGQJBKX534480,QJBK534480,28.75
REGQJBKX536480,QJBK536480,28.75
REGQJBKX540480,QJBK540480,28.75
REGQJBKX542480,QJBK542480,28.75
REGQJBKX544480,QJBK544480,28.75
REGQJBKX546480,QJBK546480,28.75
REGQJBKX550480,QJBK550480,28.75
REGQJBKX552480,QJBK552480,28.75
REGQJBKX554480,QJBK554480,28.75
REGQJBKX556480,QJBK556480,28.75
REGQJBKX560480,QJBK560480,28.75
REGQJBKX562480,QJBK562480,29.89
REGQJBKX564480,QJBK564480,29.89
REGQJBKX566480,QJBK566480,29.89
REGQJBKX570480,QJBK570480,29.89
REGQJBKX572480,QJBK572480,29.89
REGQJBKX574480,QJBK574480,29.89
REGQJBKX576480,QJBK576480,29.89
REGQJBKX580480,QJBK580480,29.89
REGQJBKX582480,QJBK582480,29.89
REGQJBKX584480,QJBK584480,29.89
REGQJBKX586480,QJBK586480,29.89
REGQJBKX590480,QJBK590480,29.89
REGQJBKX592480,QJBK592480,29.89
REGQJBKX594480,QJBK594480,29.89
REGQJBKX596480,QJBK596480,29.89
REGQJBKX600480,QJBK600480,29.89
REGQJBKX602480,QJBK602480,31.29
REGQJBKX604480,QJBK604480,31.29
REGQJBKX606480,QJBK606480,31.29
REGQJBKX610480,QJBK610480,31.29
REGQJBKX612480,QJBK612480,31.29
REGQJBKX614480,QJBK614480,31.29
REGQJBKX616480,QJBK616480,31.29
REGQJBKX620480,QJBK620480,31.29
REGQJBKX622480,QJBK622480,31.29
REGQJBKX624480,QJBK624480,31.29
REGQJBKX626480,QJBK626480,31.29
REGQJBKX630480,QJBK630480,31.29
REGQJBKX632480,QJBK632480,31.29
REGQJBKX634480,QJBK634480,31.29
REGQJBKX636480,QJBK636480,31.29
REGQJBKX640480,QJBK640480,31.29
REGQJBKX642480,QJBK642480,32.93
REGQJBKX644480,QJBK644480,32.93
REGQJBKX646480,QJBK646480,32.93
REGQJBKX650480,QJBK650480,32.93
REGQJBKX652480,QJBK652480,32.93
REGQJBKX654480,QJBK654480,32.93
REGQJBKX656480,QJBK656480,32.93
REGQJBKX660480,QJBK660480,32.93
REGQJBKX662480,QJBK662480,32.93
REGQJBKX664480,QJBK664480,32.93
REGQJBKX666480,QJBK666480,32.93
REGQJBKX670480,QJBK670480,32.93
REGQJBKX672480,QJBK672480,32.93
REGQJBKX674480,QJBK674480,32.93
REGQJBKX676480,QJBK676480,32.93
REGQJBKX680480,QJBK680480,32.93
REGQJBKX682480,QJBK682480,34.48
REGQJBKX684480,QJBK684480,34.48
REGQJBKX686480,QJBK686480,34.48
REGQJBKX690480,QJBK690480,34.48
REGQJBKX692480,QJBK692480,34.48
REGQJBKX694480,QJBK694480,34.48
REGQJBKX696480,QJBK696480,34.48
REGQJBKX700480,QJBK700480,34.48
REGQJBKX702480,QJBK702480,34.48
REGQJBKX704480,QJBK704480,34.48
REGQJBKX706480,QJBK706480,34.48
REGQJBKX710480,QJBK710480,34.48
REGQJBKX712480,QJBK712480,34.48
REGQJBKX714480,QJBK714480,34.48
REGQJBKX194640,QJBK194640,15.34
REGQJBKX196640,QJBK196640,15.34
REGQJBKX200640,QJBK200640,15.34
REGQJBKX202640,QJBK202640,15.34
REGQJBKX204640,QJBK204640,15.34
REGQJBKX206640,QJBK206640,15.34
REGQJBKX210640,QJBK210640,15.34
REGQJBKX212640,QJBK212640,15.34
REGQJBKX214640,QJBK214640,15.34
REGQJBKX216640,QJBK216640,15.34
REGQJBKX220640,QJBK220640,15.34
REGQJBKX222640,QJBK222640,15.34
REGQJBKX224640,QJBK224640,15.34
REGQJBKX226640,QJBK226640,15.34
REGQJBKX230640,QJBK230640,15.34
REGQJBKX232640,QJBK232640,15.34
REGQJBKX234640,QJBK234640,15.34
REGQJBKX236640,QJBK236640,15.34
REGQJBKX240640,QJBK240640,15.34
REGQJBKX242640,QJBK242640,17.48
REGQJBKX244640,QJBK244640,17.48
REGQJBKX246640,QJBK246640,17.48
REGQJBKX250640,QJBK250640,17.48
REGQJBKX252640,QJBK252640,17.48
REGQJBKX254640,QJBK254640,17.48
REGQJBKX256640,QJBK256640,17.48
REGQJBKX260640,QJBK260640,17.48
REGQJBKX262640,QJBK262640,17.48
REGQJBKX264640,QJBK264640,17.48
REGQJBKX266640,QJBK266640,17.48
REGQJBKX270640,QJBK270640,17.48
REGQJBKX272640,QJBK272640,17.48
REGQJBKX274640,QJBK274640,17.48
REGQJBKX276640,QJBK276640,17.48
REGQJBKX280640,QJBK280640,17.48
REGQJBKX282640,QJBK282640,19.34
REGQJBKX284640,QJBK284640,19.34
REGQJBKX286640,QJBK286640,19.34
REGQJBKX290640,QJBK290640,19.34
REGQJBKX292640,QJBK292640,19.34
REGQJBKX294640,QJBK294640,19.34
REGQJBKX296640,QJBK296640,19.34
REGQJBKX300640,QJBK300640,19.34
REGQJBKX302640,QJBK302640,19.34
REGQJBKX304640,QJBK304640,19.34
REGQJBKX306640,QJBK306640,19.34
REGQJBKX310640,QJBK310640,19.34
REGQJBKX312640,QJBK312640,19.34
REGQJBKX314640,QJBK314640,19.34
REGQJBKX316640,QJBK316640,19.34
REGQJBKX320640,QJBK320640,19.34
REGQJBKX322640,QJBK322640,21
REGQJBKX324640,QJBK324640,21
REGQJBKX326640,QJBK326640,21
REGQJBKX330640,QJBK330640,21
REGQJBKX332640,QJBK332640,21
REGQJBKX334640,QJBK334640,21
REGQJBKX336640,QJBK336640,21
REGQJBKX340640,QJBK340640,21
REGQJBKX342640,QJBK342640,21
REGQJBKX344640,QJBK344640,21
REGQJBKX346640,QJBK346640,21
REGQJBKX350640,QJBK350640,21
REGQJBKX352640,QJBK352640,21
REGQJBKX354640,QJBK354640,21
REGQJBKX356640,QJBK356640,21
REGQJBKX360640,QJBK360640,21
REGQJBKX362640,QJBK362640,23.88
REGQJBKX364640,QJBK364640,23.88
REGQJBKX366640,QJBK366640,23.88
REGQJBKX370640,QJBK370640,23.88
REGQJBKX372640,QJBK372640,23.88
REGQJBKX374640,QJBK374640,23.88
REGQJBKX376640,QJBK376640,23.88
REGQJBKX380640,QJBK380640,23.88
REGQJBKX382640,QJBK382640,23.88
REGQJBKX384640,QJBK384640,23.88
REGQJBKX386640,QJBK386640,23.88
REGQJBKX390640,QJBK390640,23.88
REGQJBKX392640,QJBK392640,23.88
REGQJBKX394640,QJBK394640,23.88
REGQJBKX396640,QJBK396640,23.88
REGQJBKX400640,QJBK400640,23.88
REGQJBKX402640,QJBK402640,25.64
REGQJBKX404640,QJBK404640,25.64
REGQJBKX406640,QJBK406640,25.64
REGQJBKX410640,QJBK410640,25.64
REGQJBKX412640,QJBK412640,25.64
REGQJBKX414640,QJBK414640,25.64
REGQJBKX416640,QJBK416640,25.64
REGQJBKX420640,QJBK420640,25.64
REGQJBKX422640,QJBK422640,25.64
REGQJBKX424640,QJBK424640,25.64
REGQJBKX426640,QJBK426640,25.64
REGQJBKX430640,QJBK430640,25.64
REGQJBKX432640,QJBK432640,25.64
REGQJBKX434640,QJBK434640,25.64
REGQJBKX436640,QJBK436640,25.64
REGQJBKX440640,QJBK440640,25.64
REGQJBKX442640,QJBK442640,27.54
REGQJBKX444640,QJBK444640,27.54
REGQJBKX446640,QJBK446640,27.54
REGQJBKX450640,QJBK450640,27.54
REGQJBKX452640,QJBK452640,27.54
REGQJBKX454640,QJBK454640,27.54
REGQJBKX456640,QJBK456640,27.54
REGQJBKX460640,QJBK460640,27.54
REGQJBKX462640,QJBK462640,27.54
REGQJBKX464640,QJBK464640,27.54
REGQJBKX466640,QJBK466640,27.54
REGQJBKX470640,QJBK470640,27.54
REGQJBKX472640,QJBK472640,27.54
REGQJBKX474640,QJBK474640,27.54
REGQJBKX476640,QJBK476640,27.54
REGQJBKX480640,QJBK480640,27.54
REGQJBKX482640,QJBK482640,32.39
REGQJBKX484640,QJBK484640,32.39
REGQJBKX486640,QJBK486640,32.39
REGQJBKX490640,QJBK490640,32.39
REGQJBKX492640,QJBK492640,32.39
REGQJBKX494640,QJBK494640,32.39
REGQJBKX496640,QJBK496640,32.39
REGQJBKX500640,QJBK500640,32.39
REGQJBKX502640,QJBK502640,32.39
REGQJBKX504640,QJBK504640,32.39
REGQJBKX506640,QJBK506640,32.39
REGQJBKX510640,QJBK510640,32.39
REGQJBKX512640,QJBK512640,32.39
REGQJBKX514640,QJBK514640,32.39
REGQJBKX516640,QJBK516640,32.39
REGQJBKX520640,QJBK520640,32.39
REGQJBKX522640,QJBK522640,34.09
REGQJBKX524640,QJBK524640,34.09
REGQJBKX526640,QJBK526640,34.09
REGQJBKX530640,QJBK530640,34.09
REGQJBKX532640,QJBK532640,34.09
REGQJBKX534640,QJBK534640,34.09
REGQJBKX536640,QJBK536640,34.09
REGQJBKX540640,QJBK540640,34.09
REGQJBKX542640,QJBK542640,34.09
REGQJBKX544640,QJBK544640,34.09
REGQJBKX546640,QJBK546640,34.09
REGQJBKX550640,QJBK550640,34.09
REGQJBKX552640,QJBK552640,34.09
REGQJBKX554640,QJBK554640,34.09
REGQJBKX556640,QJBK556640,34.09
REGQJBKX560640,QJBK560640,34.09
REGQJBKX562640,QJBK562640,35.8
REGQJBKX564640,QJBK564640,35.8
REGQJBKX566640,QJBK566640,35.8
REGQJBKX570640,QJBK570640,35.8
REGQJBKX572640,QJBK572640,35.8
REGQJBKX574640,QJBK574640,35.8
REGQJBKX576640,QJBK576640,35.8
REGQJBKX580640,QJBK580640,35.8
REGQJBKX582640,QJBK582640,35.8
REGQJBKX584640,QJBK584640,35.8
REGQJBKX586640,QJBK586640,35.8
REGQJBKX590640,QJBK590640,35.8
REGQJBKX592640,QJBK592640,35.8
REGQJBKX594640,QJBK594640,35.8
REGQJBKX596640,QJBK596640,35.8
REGQJBKX600640,QJBK600640,35.8
REGQJBKX602640,QJBK602640,37.71
REGQJBKX604640,QJBK604640,37.71
REGQJBKX606640,QJBK606640,37.71
REGQJBKX610640,QJBK610640,37.71
REGQJBKX612640,QJBK612640,37.71
REGQJBKX614640,QJBK614640,37.71
REGQJBKX616640,QJBK616640,37.71
REGQJBKX620640,QJBK620640,37.71
REGQJBKX622640,QJBK622640,37.71
REGQJBKX624640,QJBK624640,37.71
REGQJBKX626640,QJBK626640,37.71
REGQJBKX630640,QJBK630640,37.71
REGQJBKX632640,QJBK632640,37.71
REGQJBKX634640,QJBK634640,37.71
REGQJBKX636640,QJBK636640,37.71
REGQJBKX640640,QJBK640640,37.71
REGQJBKX642640,QJBK642640,39.43
REGQJBKX644640,QJBK644640,39.43
REGQJBKX646640,QJBK646640,39.43
REGQJBKX650640,QJBK650640,39.43
REGQJBKX652640,QJBK652640,39.43
REGQJBKX654640,QJBK654640,39.43
REGQJBKX656640,QJBK656640,39.43
REGQJBKX660640,QJBK660640,39.43
REGQJBKX662640,QJBK662640,39.43
REGQJBKX664640,QJBK664640,39.43
REGQJBKX666640,QJBK666640,39.43
REGQJBKX670640,QJBK670640,39.43
REGQJBKX672640,QJBK672640,39.43
REGQJBKX674640,QJBK674640,39.43
REGQJBKX676640,QJBK676640,39.43
REGQJBKX680640,QJBK680640,39.43
REGQJBKX682640,QJBK682640,41.16
REGQJBKX684640,QJBK684640,41.16
REGQJBKX686640,QJBK686640,41.16
REGQJBKX690640,QJBK690640,41.16
REGQJBKX692640,QJBK692640,41.16
REGQJBKX694640,QJBK694640,41.16
REGQJBKX696640,QJBK696640,41.16
REGQJBKX700640,QJBK700640,41.16
REGQJBKX702640,QJBK702640,41.16
REGQJBKX704640,QJBK704640,41.16
REGQJBKX706640,QJBK706640,41.16
REGQJBKX710640,QJBK710640,41.16
REGQJBKX712640,QJBK712640,41.16
REGQJBKX714640,QJBK714640,41.16
REGQJBKX194720,QJBK194720,16.36
REGQJBKX196720,QJBK196720,16.36
REGQJBKX200720,QJBK200720,16.36
REGQJBKX202720,QJBK202720,16.36
REGQJBKX204720,QJBK204720,16.36
REGQJBKX206720,QJBK206720,16.36
REGQJBKX210720,QJBK210720,16.36
REGQJBKX212720,QJBK212720,16.36
REGQJBKX214720,QJBK214720,16.36
REGQJBKX216720,QJBK216720,16.36
REGQJBKX220720,QJBK220720,16.36
REGQJBKX222720,QJBK222720,16.36
REGQJBKX224720,QJBK224720,16.36
REGQJBKX226720,QJBK226720,16.36
REGQJBKX230720,QJBK230720,16.36
REGQJBKX232720,QJBK232720,16.36
REGQJBKX234720,QJBK234720,16.36
REGQJBKX236720,QJBK236720,16.36
REGQJBKX240720,QJBK240720,16.36
REGQJBKX242720,QJBK242720,18.64
REGQJBKX244720,QJBK244720,18.64
REGQJBKX246720,QJBK246720,18.64
REGQJBKX250720,QJBK250720,18.64
REGQJBKX252720,QJBK252720,18.64
REGQJBKX254720,QJBK254720,18.64
REGQJBKX256720,QJBK256720,18.64
REGQJBKX260720,QJBK260720,18.64
REGQJBKX262720,QJBK262720,18.64
REGQJBKX264720,QJBK264720,18.64
REGQJBKX266720,QJBK266720,18.64
REGQJBKX270720,QJBK270720,18.64
REGQJBKX272720,QJBK272720,18.64
REGQJBKX274720,QJBK274720,18.64
REGQJBKX276720,QJBK276720,18.64
REGQJBKX280720,QJBK280720,18.64
REGQJBKX282720,QJBK282720,20.66
REGQJBKX284720,QJBK284720,20.66
REGQJBKX286720,QJBK286720,20.66
REGQJBKX290720,QJBK290720,20.66
REGQJBKX292720,QJBK292720,20.66
REGQJBKX294720,QJBK294720,20.66
REGQJBKX296720,QJBK296720,20.66
REGQJBKX300720,QJBK300720,20.66
REGQJBKX302720,QJBK302720,20.66
REGQJBKX304720,QJBK304720,20.66
REGQJBKX306720,QJBK306720,20.66
REGQJBKX310720,QJBK310720,20.66
REGQJBKX312720,QJBK312720,20.66
REGQJBKX314720,QJBK314720,20.66
REGQJBKX316720,QJBK316720,20.66
REGQJBKX320720,QJBK320720,20.66
REGQJBKX322720,QJBK322720,22.45
REGQJBKX324720,QJBK324720,22.45
REGQJBKX326720,QJBK326720,22.45
REGQJBKX330720,QJBK330720,22.45
REGQJBKX332720,QJBK332720,22.45
REGQJBKX334720,QJBK334720,22.45
REGQJBKX336720,QJBK336720,22.45
REGQJBKX340720,QJBK340720,22.45
REGQJBKX342720,QJBK342720,22.45
REGQJBKX344720,QJBK344720,22.45
REGQJBKX346720,QJBK346720,22.45
REGQJBKX350720,QJBK350720,22.45
REGQJBKX352720,QJBK352720,22.45
REGQJBKX354720,QJBK354720,22.45
REGQJBKX356720,QJBK356720,22.45
REGQJBKX360720,QJBK360720,22.45
REGQJBKX362720,QJBK362720,25.64
REGQJBKX364720,QJBK364720,25.64
REGQJBKX366720,QJBK366720,25.64
REGQJBKX370720,QJBK370720,25.64
REGQJBKX372720,QJBK372720,25.64
REGQJBKX374720,QJBK374720,25.64
REGQJBKX376720,QJBK376720,25.64
REGQJBKX380720,QJBK380720,25.64
REGQJBKX382720,QJBK382720,25.64
REGQJBKX384720,QJBK384720,25.64
REGQJBKX386720,QJBK386720,25.64
REGQJBKX390720,QJBK390720,25.64
REGQJBKX392720,QJBK392720,25.64
REGQJBKX394720,QJBK394720,25.64
REGQJBKX396720,QJBK396720,25.64
REGQJBKX400720,QJBK400720,25.64
REGQJBKX402720,QJBK402720,27.48
REGQJBKX404720,QJBK404720,27.48
REGQJBKX406720,QJBK406720,27.48
REGQJBKX410720,QJBK410720,27.48
REGQJBKX412720,QJBK412720,27.48
REGQJBKX414720,QJBK414720,27.48
REGQJBKX416720,QJBK416720,27.48
REGQJBKX420720,QJBK420720,27.48
REGQJBKX422720,QJBK422720,27.48
REGQJBKX424720,QJBK424720,27.48
REGQJBKX426720,QJBK426720,27.48
REGQJBKX430720,QJBK430720,27.48
REGQJBKX432720,QJBK432720,27.48
REGQJBKX434720,QJBK434720,27.48
REGQJBKX436720,QJBK436720,27.48
REGQJBKX440720,QJBK440720,27.48
REGQJBKX442720,QJBK442720,31.95
REGQJBKX444720,QJBK444720,31.95
REGQJBKX446720,QJBK446720,31.95
REGQJBKX450720,QJBK450720,31.95
REGQJBKX452720,QJBK452720,31.95
REGQJBKX454720,QJBK454720,31.95
REGQJBKX456720,QJBK456720,31.95
REGQJBKX460720,QJBK460720,31.95
REGQJBKX462720,QJBK462720,31.95
REGQJBKX464720,QJBK464720,31.95
REGQJBKX466720,QJBK466720,31.95
REGQJBKX470720,QJBK470720,31.95
REGQJBKX472720,QJBK472720,31.95
REGQJBKX474720,QJBK474720,31.95
REGQJBKX476720,QJBK476720,31.95
REGQJBKX480720,QJBK480720,31.95
REGQJBKX482720,QJBK482720,34.54
REGQJBKX484720,QJBK484720,34.54
REGQJBKX486720,QJBK486720,34.54
REGQJBKX490720,QJBK490720,34.54
REGQJBKX492720,QJBK492720,34.54
REGQJBKX494720,QJBK494720,34.54
REGQJBKX496720,QJBK496720,34.54
REGQJBKX500720,QJBK500720,34.54
REGQJBKX502720,QJBK502720,34.54
REGQJBKX504720,QJBK504720,34.54
REGQJBKX506720,QJBK506720,34.54
REGQJBKX510720,QJBK510720,34.54
REGQJBKX512720,QJBK512720,34.54
REGQJBKX514720,QJBK514720,34.54
REGQJBKX516720,QJBK516720,34.54
REGQJBKX520720,QJBK520720,34.54
REGQJBKX522720,QJBK522720,36.39
REGQJBKX524720,QJBK524720,36.39
REGQJBKX526720,QJBK526720,36.39
REGQJBKX530720,QJBK530720,36.39
REGQJBKX532720,QJBK532720,36.39
REGQJBKX534720,QJBK534720,36.39
REGQJBKX536720,QJBK536720,36.39
REGQJBKX540720,QJBK540720,36.39
REGQJBKX542720,QJBK542720,36.39
REGQJBKX544720,QJBK544720,36.39
REGQJBKX546720,QJBK546720,36.39
REGQJBKX550720,QJBK550720,36.39
REGQJBKX552720,QJBK552720,36.39
REGQJBKX554720,QJBK554720,36.39
REGQJBKX556720,QJBK556720,36.39
REGQJBKX560720,QJBK560720,36.39
REGQJBKX562720,QJBK562720,38.45
REGQJBKX564720,QJBK564720,38.45
REGQJBKX566720,QJBK566720,38.45
REGQJBKX570720,QJBK570720,38.45
REGQJBKX572720,QJBK572720,38.45
REGQJBKX574720,QJBK574720,38.45
REGQJBKX576720,QJBK576720,38.45
REGQJBKX580720,QJBK580720,38.45
REGQJBKX582720,QJBK582720,38.45
REGQJBKX584720,QJBK584720,38.45
REGQJBKX586720,QJBK586720,38.45
REGQJBKX590720,QJBK590720,38.45
REGQJBKX592720,QJBK592720,38.45
REGQJBKX594720,QJBK594720,38.45
REGQJBKX596720,QJBK596720,38.45
REGQJBKX600720,QJBK600720,38.45
REGQJBKX602720,QJBK602720,40.32
REGQJBKX604720,QJBK604720,40.32
REGQJBKX606720,QJBK606720,40.32
REGQJBKX610720,QJBK610720,40.32
REGQJBKX612720,QJBK612720,40.32
REGQJBKX614720,QJBK614720,40.32
REGQJBKX616720,QJBK616720,40.32
REGQJBKX620720,QJBK620720,40.32
REGQJBKX622720,QJBK622720,40.32
REGQJBKX624720,QJBK624720,40.32
REGQJBKX626720,QJBK626720,40.32
REGQJBKX630720,QJBK630720,40.32
REGQJBKX632720,QJBK632720,40.32
REGQJBKX634720,QJBK634720,40.32
REGQJBKX636720,QJBK636720,40.32
REGQJBKX640720,QJBK640720,40.32
REGQJBKX642720,QJBK642720,42.16
REGQJBKX644720,QJBK644720,42.16
REGQJBKX646720,QJBK646720,42.16
REGQJBKX650720,QJBK650720,42.16
REGQJBKX652720,QJBK652720,42.16
REGQJBKX654720,QJBK654720,42.16
REGQJBKX656720,QJBK656720,42.16
REGQJBKX660720,QJBK660720,42.16
REGQJBKX662720,QJBK662720,42.16
REGQJBKX664720,QJBK664720,42.16
REGQJBKX666720,QJBK666720,42.16
REGQJBKX670720,QJBK670720,42.16
REGQJBKX672720,QJBK672720,42.16
REGQJBKX674720,QJBK674720,42.16
REGQJBKX676720,QJBK676720,42.16
REGQJBKX680720,QJBK680720,42.16
REGQJBKX682720,QJBK682720,44.02
REGQJBKX684720,QJBK684720,44.02
REGQJBKX686720,QJBK686720,44.02
REGQJBKX690720,QJBK690720,44.02
REGQJBKX692720,QJBK692720,44.02
REGQJBKX694720,QJBK694720,44.02
REGQJBKX696720,QJBK696720,44.02
REGQJBKX700720,QJBK700720,44.02
REGQJBKX702720,QJBK702720,44.02
REGQJBKX704720,QJBK704720,44.02
REGQJBKX706720,QJBK706720,44.02
REGQJBKX710720,QJBK710720,44.02
REGQJBKX712720,QJBK712720,44.02
REGQJBKX714720,QJBK714720,44.02
REGQAWTX194480,QAWT194480,13.16
REGQAWTX196480,QAWT196480,13.16
REGQAWTX200480,QAWT200480,13.16
REGQAWTX202480,QAWT202480,13.16
REGQAWTX204480,QAWT204480,13.16
REGQAWTX206480,QAWT206480,13.16
REGQAWTX210480,QAWT210480,13.16
REGQAWTX212480,QAWT212480,13.16
REGQAWTX214480,QAWT214480,13.16
REGQAWTX216480,QAWT216480,13.16
REGQAWTX220480,QAWT220480,13.16
REGQAWTX222480,QAWT222480,13.16
REGQAWTX224480,QAWT224480,13.16
REGQAWTX226480,QAWT226480,13.16
REGQAWTX230480,QAWT230480,13.16
REGQAWTX232480,QAWT232480,13.16
REGQAWTX234480,QAWT234480,13.16
REGQAWTX236480,QAWT236480,13.16
REGQAWTX240480,QAWT240480,13.16
REGQAWTX242480,QAWT242480,14.71
REGQAWTX244480,QAWT244480,14.71
REGQAWTX246480,QAWT246480,14.71
REGQAWTX250480,QAWT250480,14.71
REGQAWTX252480,QAWT252480,14.71
REGQAWTX254480,QAWT254480,14.71
REGQAWTX256480,QAWT256480,14.71
REGQAWTX260480,QAWT260480,14.71
REGQAWTX262480,QAWT262480,14.71
REGQAWTX264480,QAWT264480,14.71
REGQAWTX266480,QAWT266480,14.71
REGQAWTX270480,QAWT270480,14.71
REGQAWTX272480,QAWT272480,14.71
REGQAWTX274480,QAWT274480,14.71
REGQAWTX276480,QAWT276480,14.71
REGQAWTX280480,QAWT280480,14.71
REGQAWTX282480,QAWT282480,16.14
REGQAWTX284480,QAWT284480,16.14
REGQAWTX286480,QAWT286480,16.14
REGQAWTX290480,QAWT290480,16.14
REGQAWTX292480,QAWT292480,16.14
REGQAWTX294480,QAWT294480,16.14
REGQAWTX296480,QAWT296480,16.14
REGQAWTX300480,QAWT300480,16.14
REGQAWTX302480,QAWT302480,16.14
REGQAWTX304480,QAWT304480,16.14
REGQAWTX306480,QAWT306480,16.14
REGQAWTX310480,QAWT310480,16.14
REGQAWTX312480,QAWT312480,16.14
REGQAWTX314480,QAWT314480,16.14
REGQAWTX316480,QAWT316480,16.14
REGQAWTX320480,QAWT320480,16.14
REGQAWTX322480,QAWT322480,17.38
REGQAWTX324480,QAWT324480,17.38
REGQAWTX326480,QAWT326480,17.38
REGQAWTX330480,QAWT330480,17.38
REGQAWTX332480,QAWT332480,17.38
REGQAWTX334480,QAWT334480,17.38
REGQAWTX336480,QAWT336480,17.38
REGQAWTX340480,QAWT340480,17.38
REGQAWTX342480,QAWT342480,17.38
REGQAWTX344480,QAWT344480,17.38
REGQAWTX346480,QAWT346480,17.38
REGQAWTX350480,QAWT350480,17.38
REGQAWTX352480,QAWT352480,17.38
REGQAWTX354480,QAWT354480,17.38
REGQAWTX356480,QAWT356480,17.38
REGQAWTX360480,QAWT360480,17.38
REGQAWTX194640,QAWT194640,14.95
REGQAWTX196640,QAWT196640,14.95
REGQAWTX200640,QAWT200640,14.95
REGQAWTX202640,QAWT202640,14.95
REGQAWTX204640,QAWT204640,14.95
REGQAWTX206640,QAWT206640,14.95
REGQAWTX210640,QAWT210640,14.95
REGQAWTX212640,QAWT212640,14.95
REGQAWTX214640,QAWT214640,14.95
REGQAWTX216640,QAWT216640,14.95
REGQAWTX220640,QAWT220640,14.95
REGQAWTX222640,QAWT222640,14.95
REGQAWTX224640,QAWT224640,14.95
REGQAWTX226640,QAWT226640,14.95
REGQAWTX230640,QAWT230640,14.95
REGQAWTX232640,QAWT232640,14.95
REGQAWTX234640,QAWT234640,14.95
REGQAWTX236640,QAWT236640,14.95
REGQAWTX240640,QAWT240640,14.95
REGQAWTX242640,QAWT242640,16.98
REGQAWTX244640,QAWT244640,16.98
REGQAWTX246640,QAWT246640,16.98
REGQAWTX250640,QAWT250640,16.98
REGQAWTX252640,QAWT252640,16.98
REGQAWTX254640,QAWT254640,16.98
REGQAWTX256640,QAWT256640,16.98
REGQAWTX260640,QAWT260640,16.98
REGQAWTX262640,QAWT262640,16.98
REGQAWTX264640,QAWT264640,16.98
REGQAWTX266640,QAWT266640,16.98
REGQAWTX270640,QAWT270640,16.98
REGQAWTX272640,QAWT272640,16.98
REGQAWTX274640,QAWT274640,16.98
REGQAWTX276640,QAWT276640,16.98
REGQAWTX280640,QAWT280640,16.98
REGQAWTX282640,QAWT282640,18.63
REGQAWTX284640,QAWT284640,18.63
REGQAWTX286640,QAWT286640,18.63
REGQAWTX290640,QAWT290640,18.63
REGQAWTX292640,QAWT292640,18.63
REGQAWTX294640,QAWT294640,18.63
REGQAWTX296640,QAWT296640,18.63
REGQAWTX300640,QAWT300640,18.63
REGQAWTX302640,QAWT302640,18.63
REGQAWTX304640,QAWT304640,18.63
REGQAWTX306640,QAWT306640,18.63
REGQAWTX310640,QAWT310640,18.63
REGQAWTX312640,QAWT312640,18.63
REGQAWTX314640,QAWT314640,18.63
REGQAWTX316640,QAWT316640,18.63
REGQAWTX320640,QAWT320640,18.63
REGQAWTX322640,QAWT322640,20.11
REGQAWTX324640,QAWT324640,20.11
REGQAWTX326640,QAWT326640,20.11
REGQAWTX330640,QAWT330640,20.11
REGQAWTX332640,QAWT332640,20.11
REGQAWTX334640,QAWT334640,20.11
REGQAWTX336640,QAWT336640,20.11
REGQAWTX340640,QAWT340640,19.39
REGQAWTX342640,QAWT342640,20.11
REGQAWTX344640,QAWT344640,20.11
REGQAWTX346640,QAWT346640,20.11
REGQAWTX350640,QAWT350640,20.11
REGQAWTX352640,QAWT352640,20.11
REGQAWTX354640,QAWT354640,20.11
REGQAWTX356640,QAWT356640,20.11
REGQAWTX360640,QAWT360640,20.11
REGQAWTX194720,QAWT194720,16.61
REGQAWTX196720,QAWT196720,16.61
REGQAWTX200720,QAWT200720,16.61
REGQAWTX202720,QAWT202720,16.61
REGQAWTX204720,QAWT204720,16.61
REGQAWTX206720,QAWT206720,16.61
REGQAWTX210720,QAWT210720,16.61
REGQAWTX212720,QAWT212720,16.61
REGQAWTX214720,QAWT214720,16.61
REGQAWTX216720,QAWT216720,16.61
REGQAWTX220720,QAWT220720,16.61
REGQAWTX222720,QAWT222720,16.61
REGQAWTX224720,QAWT224720,16.61
REGQAWTX226720,QAWT226720,16.61
REGQAWTX230720,QAWT230720,16.61
REGQAWTX232720,QAWT232720,16.61
REGQAWTX234720,QAWT234720,16.61
REGQAWTX236720,QAWT236720,16.61
REGQAWTX240720,QAWT240720,16.61
REGQAWTX242720,QAWT242720,18.88
REGQAWTX244720,QAWT244720,18.88
REGQAWTX246720,QAWT246720,18.88
REGQAWTX250720,QAWT250720,18.88
REGQAWTX252720,QAWT252720,18.88
REGQAWTX254720,QAWT254720,18.88
REGQAWTX256720,QAWT256720,18.88
REGQAWTX260720,QAWT260720,18.88
REGQAWTX262720,QAWT262720,18.88
REGQAWTX264720,QAWT264720,18.88
REGQAWTX266720,QAWT266720,18.88
REGQAWTX270720,QAWT270720,18.88
REGQAWTX272720,QAWT272720,18.88
REGQAWTX274720,QAWT274720,18.88
REGQAWTX276720,QAWT276720,18.88
REGQAWTX280720,QAWT280720,18.88
REGQAWTX282720,QAWT282720,20.75
REGQAWTX284720,QAWT284720,20.75
REGQAWTX286720,QAWT286720,20.75
REGQAWTX290720,QAWT290720,20.75
REGQAWTX292720,QAWT292720,20.75
REGQAWTX294720,QAWT294720,20.75
REGQAWTX296720,QAWT296720,20.75
REGQAWTX300720,QAWT300720,20.75
REGQAWTX302720,QAWT302720,20.75
REGQAWTX304720,QAWT304720,20.75
REGQAWTX306720,QAWT306720,20.75
REGQAWTX310720,QAWT310720,20.75
REGQAWTX312720,QAWT312720,20.75
REGQAWTX314720,QAWT314720,20.75
REGQAWTX316720,QAWT316720,20.75
REGQAWTX320720,QAWT320720,20.75
REGQAWTX322720,QAWT322720,22.59
REGQAWTX324720,QAWT324720,22.59
REGQAWTX326720,QAWT326720,22.59
REGQAWTX330720,QAWT330720,22.59
REGQAWTX332720,QAWT332720,22.59
REGQAWTX334720,QAWT334720,22.59
REGQAWTX336720,QAWT336720,22.59
REGQAWTX340720,QAWT340720,21.68
REGQAWTX342720,QAWT342720,22.59
REGQAWTX344720,QAWT344720,22.59
REGQAWTX346720,QAWT346720,22.59
REGQAWTX350720,QAWT350720,22.59
REGQAWTX352720,QAWT352720,22.59
REGQAWTX354720,QAWT354720,22.59
REGQAWTX356720,QAWT356720,22.59
REGQAWTX360720,QAWT360720,22.59
REGQJWTX194600,QJWT194600,14.66
REGQJWTX196600,QJWT196600,14.66
REGQJWTX200600,QJWT200600,14.66
REGQJWTX202600,QJWT202600,14.66
REGQJWTX204600,QJWT204600,14.66
REGQJWTX206600,QJWT206600,14.66
REGQJWTX210600,QJWT210600,14.66
REGQJWTX212600,QJWT212600,14.66
REGQJWTX214600,QJWT214600,14.66
REGQJWTX216600,QJWT216600,14.66
REGQJWTX220600,QJWT220600,14.66
REGQJWTX222600,QJWT222600,14.66
REGQJWTX224600,QJWT224600,14.66
REGQJWTX226600,QJWT226600,14.66
REGQJWTX230600,QJWT230600,14.66
REGQJWTX232600,QJWT232600,14.66
REGQJWTX234600,QJWT234600,14.66
REGQJWTX236600,QJWT236600,14.66
REGQJWTX240600,QJWT240600,14.66
REGQJWTX242600,QJWT242600,16.64
REGQJWTX244600,QJWT244600,16.64
REGQJWTX246600,QJWT246600,16.64
REGQJWTX250600,QJWT250600,16.64
REGQJWTX252600,QJWT252600,16.64
REGQJWTX254600,QJWT254600,16.64
REGQJWTX256600,QJWT256600,16.64
REGQJWTX260600,QJWT260600,16.64
REGQJWTX262600,QJWT262600,16.64
REGQJWTX264600,QJWT264600,16.64
REGQJWTX266600,QJWT266600,16.64
REGQJWTX270600,QJWT270600,16.64
REGQJWTX272600,QJWT272600,16.64
REGQJWTX274600,QJWT274600,16.64
REGQJWTX276600,QJWT276600,16.64
REGQJWTX280600,QJWT280600,16.64
REGQJWTX282600,QJWT282600,18.27
REGQJWTX284600,QJWT284600,18.27
REGQJWTX286600,QJWT286600,18.27
REGQJWTX290600,QJWT290600,18.27
REGQJWTX292600,QJWT292600,18.27
REGQJWTX294600,QJWT294600,18.27
REGQJWTX296600,QJWT296600,18.27
REGQJWTX300600,QJWT300600,18.27
REGQJWTX302600,QJWT302600,18.27
REGQJWTX304600,QJWT304600,18.27
REGQJWTX306600,QJWT306600,18.27
REGQJWTX310600,QJWT310600,18.27
REGQJWTX312600,QJWT312600,18.27
REGQJWTX314600,QJWT314600,18.27
REGQJWTX316600,QJWT316600,18.27
REGQJWTX320600,QJWT320600,18.27
REGQJWTX322600,QJWT322600,19.71
REGQJWTX324600,QJWT324600,19.71
REGQJWTX326600,QJWT326600,19.71
REGQJWTX330600,QJWT330600,19.71
REGQJWTX332600,QJWT332600,19.71
REGQJWTX334600,QJWT334600,19.71
REGQJWTX336600,QJWT336600,19.71
REGQJWTX340600,QJWT340600,19.02
REGQJWTX342600,QJWT342600,19.71
REGQJWTX344600,QJWT344600,19.71
REGQJWTX346600,QJWT346600,19.71
REGQJWTX350600,QJWT350600,19.71
REGQJWTX352600,QJWT352600,19.71
REGQJWTX354600,QJWT354600,19.71
REGQJWTX356600,QJWT356600,19.71
REGQJWTX360600,QJWT360600,19.71
REGQJWTX362600,QJWT362600,22.39
REGQJWTX364600,QJWT364600,22.39
REGQJWTX366600,QJWT366600,22.39
REGQJWTX370600,QJWT370600,22.39
REGQJWTX372600,QJWT372600,22.39
REGQJWTX374600,QJWT374600,22.39
REGQJWTX376600,QJWT376600,22.39
REGQJWTX380600,QJWT380600,22.39
REGQJWTX382600,QJWT382600,22.39
REGQJWTX384600,QJWT384600,22.39
REGQJWTX386600,QJWT386600,22.39
REGQJWTX390600,QJWT390600,22.39
REGQJWTX392600,QJWT392600,22.39
REGQJWTX394600,QJWT394600,22.39
REGQJWTX396600,QJWT396600,22.39
REGQJWTX400600,QJWT400600,22.39
REGQJWTX402600,QJWT402600,24.05
REGQJWTX404600,QJWT404600,24.05
REGQJWTX406600,QJWT406600,24.05
REGQJWTX410600,QJWT410600,24.05
REGQJWTX412600,QJWT412600,24.05
REGQJWTX414600,QJWT414600,24.05
REGQJWTX416600,QJWT416600,24.05
REGQJWTX420600,QJWT420600,24.05
REGQJWTX422600,QJWT422600,24.05
REGQJWTX424600,QJWT424600,24.05
REGQJWTX426600,QJWT426600,24.05
REGQJWTX430600,QJWT430600,24.05
REGQJWTX432600,QJWT432600,24.05
REGQJWTX434600,QJWT434600,24.05
REGQJWTX436600,QJWT436600,24.05
REGQJWTX440600,QJWT440600,24.05
REGQJWTX442600,QJWT442600,25.7
REGQJWTX444600,QJWT444600,25.7
REGQJWTX446600,QJWT446600,25.7
REGQJWTX450600,QJWT450600,25.7
REGQJWTX452600,QJWT452600,25.7
REGQJWTX454600,QJWT454600,25.7
REGQJWTX456600,QJWT456600,25.7
REGQJWTX460600,QJWT460600,25.7
REGQJWTX462600,QJWT462600,25.7
REGQJWTX464600,QJWT464600,25.7
REGQJWTX466600,QJWT466600,25.7
REGQJWTX470600,QJWT470600,25.7
REGQJWTX472600,QJWT472600,25.7
REGQJWTX474600,QJWT474600,25.7
REGQJWTX476600,QJWT476600,25.7
REGQJWTX480600,QJWT480600,25.7
REGQJWTX482600,QJWT482600,30.05
REGQJWTX484600,QJWT484600,30.05
REGQJWTX486600,QJWT486600,30.05
REGQJWTX490600,QJWT490600,30.05
REGQJWTX492600,QJWT492600,30.05
REGQJWTX494600,QJWT494600,30.05
REGQJWTX496600,QJWT496600,30.05
REGQJWTX500600,QJWT500600,30.05
REGQJWTX502600,QJWT502600,30.05
REGQJWTX504600,QJWT504600,30.05
REGQJWTX506600,QJWT506600,30.05
REGQJWTX510600,QJWT510600,30.05
REGQJWTX512600,QJWT512600,30.05
REGQJWTX514600,QJWT514600,30.05
REGQJWTX516600,QJWT516600,30.05
REGQJWTX520600,QJWT520600,30.05
REGQJWTX522600,QJWT522600,31.75
REGQJWTX524600,QJWT524600,31.75
REGQJWTX526600,QJWT526600,31.75
REGQJWTX530600,QJWT530600,31.75
REGQJWTX532600,QJWT532600,31.75
REGQJWTX534600,QJWT534600,31.75
REGQJWTX536600,QJWT536600,31.75
REGQJWTX540600,QJWT540600,31.75
REGQJWTX542600,QJWT542600,31.75
REGQJWTX544600,QJWT544600,31.75
REGQJWTX546600,QJWT546600,31.75
REGQJWTX550600,QJWT550600,31.75
REGQJWTX552600,QJWT552600,31.75
REGQJWTX554600,QJWT554600,31.75
REGQJWTX556600,QJWT556600,31.75
REGQJWTX560600,QJWT560600,31.75
REGQJWTX562600,QJWT562600,33.25
REGQJWTX564600,QJWT564600,33.25
REGQJWTX566600,QJWT566600,33.25
REGQJWTX570600,QJWT570600,33.25
REGQJWTX572600,QJWT572600,33.25
REGQJWTX574600,QJWT574600,33.25
REGQJWTX576600,QJWT576600,33.25
REGQJWTX580600,QJWT580600,33.25
REGQJWTX582600,QJWT582600,33.25
REGQJWTX584600,QJWT584600,33.25
REGQJWTX586600,QJWT586600,33.25
REGQJWTX590600,QJWT590600,33.25
REGQJWTX592600,QJWT592600,33.25
REGQJWTX594600,QJWT594600,33.25
REGQJWTX596600,QJWT596600,33.25
REGQJWTX600600,QJWT600600,33.25
REGQJWTX602600,QJWT602600,34.96
REGQJWTX604600,QJWT604600,34.96
REGQJWTX606600,QJWT606600,34.96
REGQJWTX610600,QJWT610600,34.96
REGQJWTX612600,QJWT612600,34.96
REGQJWTX614600,QJWT614600,34.96
REGQJWTX616600,QJWT616600,34.96
REGQJWTX620600,QJWT620600,34.96
REGQJWTX622600,QJWT622600,34.96
REGQJWTX624600,QJWT624600,34.96
REGQJWTX626600,QJWT626600,34.96
REGQJWTX630600,QJWT630600,34.96
REGQJWTX632600,QJWT632600,34.96
REGQJWTX634600,QJWT634600,34.96
REGQJWTX636600,QJWT636600,34.96
REGQJWTX640600,QJWT640600,34.96
REGQJWTX642600,QJWT642600,36.5
REGQJWTX644600,QJWT644600,36.5
REGQJWTX646600,QJWT646600,36.5
REGQJWTX650600,QJWT650600,36.5
REGQJWTX652600,QJWT652600,36.5
REGQJWTX654600,QJWT654600,36.5
REGQJWTX656600,QJWT656600,36.5
REGQJWTX660600,QJWT660600,36.5
REGQJWTX662600,QJWT662600,36.5
REGQJWTX664600,QJWT664600,36.5
REGQJWTX666600,QJWT666600,36.5
REGQJWTX670600,QJWT670600,36.5
REGQJWTX672600,QJWT672600,36.5
REGQJWTX674600,QJWT674600,36.5
REGQJWTX676600,QJWT676600,36.5
REGQJWTX680600,QJWT680600,36.5
REGQJWTX682600,QJWT682600,38
REGQJWTX684600,QJWT684600,38
REGQJWTX686600,QJWT686600,38
REGQJWTX690600,QJWT690600,38
REGQJWTX692600,QJWT692600,38
REGQJWTX694600,QJWT694600,38
REGQJWTX696600,QJWT696600,38
REGQJWTX700600,QJWT700600,38
REGQJWTX702600,QJWT702600,38
REGQJWTX704600,QJWT704600,38
REGQJWTX706600,QJWT706600,38
REGQJWTX710600,QJWT710600,38
REGQJWTX712600,QJWT712600,38
REGQJWTX714600,QJWT714600,38
REGQJBKX194600,QJBK194600,15.34
REGQJBKX196600,QJBK196600,15.34
REGQJBKX200600,QJBK200600,15.34
REGQJBKX202600,QJBK202600,15.34
REGQJBKX204600,QJBK204600,15.34
REGQJBKX206600,QJBK206600,15.34
REGQJBKX210600,QJBK210600,15.34
REGQJBKX212600,QJBK212600,15.34
REGQJBKX214600,QJBK214600,15.34
REGQJBKX216600,QJBK216600,15.34
REGQJBKX220600,QJBK220600,15.34
REGQJBKX222600,QJBK222600,15.34
REGQJBKX224600,QJBK224600,15.34
REGQJBKX226600,QJBK226600,15.34
REGQJBKX230600,QJBK230600,15.34
REGQJBKX232600,QJBK232600,15.34
REGQJBKX234600,QJBK234600,15.34
REGQJBKX236600,QJBK236600,15.34
REGQJBKX240600,QJBK240600,15.34
REGQJBKX242600,QJBK242600,17.48
REGQJBKX244600,QJBK244600,17.48
REGQJBKX246600,QJBK246600,17.48
REGQJBKX250600,QJBK250600,17.48
REGQJBKX252600,QJBK252600,17.48
REGQJBKX254600,QJBK254600,17.48
REGQJBKX256600,QJBK256600,17.48
REGQJBKX260600,QJBK260600,17.48
REGQJBKX262600,QJBK262600,17.48
REGQJBKX264600,QJBK264600,17.48
REGQJBKX266600,QJBK266600,17.48
REGQJBKX270600,QJBK270600,17.48
REGQJBKX272600,QJBK272600,17.48
REGQJBKX274600,QJBK274600,17.48
REGQJBKX276600,QJBK276600,17.48
REGQJBKX280600,QJBK280600,17.48
REGQJBKX282600,QJBK282600,19.34
REGQJBKX284600,QJBK284600,19.34
REGQJBKX286600,QJBK286600,19.34
REGQJBKX290600,QJBK290600,19.34
REGQJBKX292600,QJBK292600,19.34
REGQJBKX294600,QJBK294600,19.34
REGQJBKX296600,QJBK296600,19.34
REGQJBKX300600,QJBK300600,19.34
REGQJBKX302600,QJBK302600,19.34
REGQJBKX304600,QJBK304600,19.34
REGQJBKX306600,QJBK306600,19.34
REGQJBKX310600,QJBK310600,19.34
REGQJBKX312600,QJBK312600,19.34
REGQJBKX314600,QJBK314600,19.34
REGQJBKX316600,QJBK316600,19.34
REGQJBKX320600,QJBK320600,19.34
REGQJBKX322600,QJBK322600,21
REGQJBKX324600,QJBK324600,21
REGQJBKX326600,QJBK326600,21
REGQJBKX330600,QJBK330600,21
REGQJBKX332600,QJBK332600,21
REGQJBKX334600,QJBK334600,21
REGQJBKX336600,QJBK336600,21
REGQJBKX340600,QJBK340600,21
REGQJBKX342600,QJBK342600,21
REGQJBKX344600,QJBK344600,21
REGQJBKX346600,QJBK346600,21
REGQJBKX350600,QJBK350600,21
REGQJBKX352600,QJBK352600,21
REGQJBKX354600,QJBK354600,21
REGQJBKX356600,QJBK356600,21
REGQJBKX360600,QJBK360600,21
REGQJBKX362600,QJBK362600,23.88
REGQJBKX364600,QJBK364600,23.88
REGQJBKX366600,QJBK366600,23.88
REGQJBKX370600,QJBK370600,23.88
REGQJBKX372600,QJBK372600,23.88
REGQJBKX374600,QJBK374600,23.88
REGQJBKX376600,QJBK376600,23.88
REGQJBKX380600,QJBK380600,23.88
REGQJBKX382600,QJBK382600,23.88
REGQJBKX384600,QJBK384600,23.88
REGQJBKX386600,QJBK386600,23.88
REGQJBKX390600,QJBK390600,23.88
REGQJBKX392600,QJBK392600,23.88
REGQJBKX394600,QJBK394600,23.88
REGQJBKX396600,QJBK396600,23.88
REGQJBKX400600,QJBK400600,23.88
REGQJBKX402600,QJBK402600,25.64
REGQJBKX404600,QJBK404600,25.64
REGQJBKX406600,QJBK406600,25.64
REGQJBKX410600,QJBK410600,25.64
REGQJBKX412600,QJBK412600,25.64
REGQJBKX414600,QJBK414600,25.64
REGQJBKX416600,QJBK416600,25.64
REGQJBKX420600,QJBK420600,25.64
REGQJBKX422600,QJBK422600,25.64
REGQJBKX424600,QJBK424600,25.64
REGQJBKX426600,QJBK426600,25.64
REGQJBKX430600,QJBK430600,25.64
REGQJBKX432600,QJBK432600,25.64
REGQJBKX434600,QJBK434600,25.64
REGQJBKX436600,QJBK436600,25.64
REGQJBKX440600,QJBK440600,25.64
REGQJBKX442600,QJBK442600,27.54
REGQJBKX444600,QJBK444600,27.54
REGQJBKX446600,QJBK446600,27.54
REGQJBKX450600,QJBK450600,27.54
REGQJBKX452600,QJBK452600,27.54
REGQJBKX454600,QJBK454600,27.54
REGQJBKX456600,QJBK456600,27.54
REGQJBKX460600,QJBK460600,27.54
REGQJBKX462600,QJBK462600,27.54
REGQJBKX464600,QJBK464600,27.54
REGQJBKX466600,QJBK466600,27.54
REGQJBKX470600,QJBK470600,27.54
REGQJBKX472600,QJBK472600,27.54
REGQJBKX474600,QJBK474600,27.54
REGQJBKX476600,QJBK476600,27.54
REGQJBKX480600,QJBK480600,27.54
REGQJBKX482600,QJBK482600,32.39
REGQJBKX484600,QJBK484600,32.39
REGQJBKX486600,QJBK486600,32.39
REGQJBKX490600,QJBK490600,32.39
REGQJBKX492600,QJBK492600,32.39
REGQJBKX494600,QJBK494600,32.39
REGQJBKX496600,QJBK496600,32.39
REGQJBKX500600,QJBK500600,32.39
REGQJBKX502600,QJBK502600,32.39
REGQJBKX504600,QJBK504600,32.39
REGQJBKX506600,QJBK506600,32.39
REGQJBKX510600,QJBK510600,32.39
REGQJBKX512600,QJBK512600,32.39
REGQJBKX514600,QJBK514600,32.39
REGQJBKX516600,QJBK516600,32.39
REGQJBKX520600,QJBK520600,32.39
REGQJBKX522600,QJBK522600,34.09
REGQJBKX524600,QJBK524600,34.09
REGQJBKX526600,QJBK526600,34.09
REGQJBKX530600,QJBK530600,34.09
REGQJBKX532600,QJBK532600,34.09
REGQJBKX534600,QJBK534600,34.09
REGQJBKX536600,QJBK536600,34.09
REGQJBKX540600,QJBK540600,34.09
REGQJBKX542600,QJBK542600,34.09
REGQJBKX544600,QJBK544600,34.09
REGQJBKX546600,QJBK546600,34.09
REGQJBKX550600,QJBK550600,34.09
REGQJBKX552600,QJBK552600,34.09
REGQJBKX554600,QJBK554600,34.09
REGQJBKX556600,QJBK556600,34.09
REGQJBKX560600,QJBK560600,34.09
REGQJBKX562600,QJBK562600,35.8
REGQJBKX564600,QJBK564600,35.8
REGQJBKX566600,QJBK566600,35.8
REGQJBKX570600,QJBK570600,35.8
REGQJBKX572600,QJBK572600,35.8
REGQJBKX574600,QJBK574600,35.8
REGQJBKX576600,QJBK576600,35.8
REGQJBKX580600,QJBK580600,35.8
REGQJBKX582600,QJBK582600,35.8
REGQJBKX584600,QJBK584600,35.8
REGQJBKX586600,QJBK586600,35.8
REGQJBKX590600,QJBK590600,35.8
REGQJBKX592600,QJBK592600,35.8
REGQJBKX594600,QJBK594600,35.8
REGQJBKX596600,QJBK596600,35.8
REGQJBKX600600,QJBK600600,35.8
REGQJBKX602600,QJBK602600,37.71
REGQJBKX604600,QJBK604600,37.71
REGQJBKX606600,QJBK606600,37.71
REGQJBKX610600,QJBK610600,37.71
REGQJBKX612600,QJBK612600,37.71
REGQJBKX614600,QJBK614600,37.71
REGQJBKX616600,QJBK616600,37.71
REGQJBKX620600,QJBK620600,37.71
REGQJBKX622600,QJBK622600,37.71
REGQJBKX624600,QJBK624600,37.71
REGQJBKX626600,QJBK626600,37.71
REGQJBKX630600,QJBK630600,37.71
REGQJBKX632600,QJBK632600,37.71
REGQJBKX634600,QJBK634600,37.71
REGQJBKX636600,QJBK636600,37.71
REGQJBKX640600,QJBK640600,37.71
REGQJBKX642600,QJBK642600,39.43
REGQJBKX644600,QJBK644600,39.43
REGQJBKX646600,QJBK646600,39.43
REGQJBKX650600,QJBK650600,39.43
REGQJBKX652600,QJBK652600,39.43
REGQJBKX654600,QJBK654600,39.43
REGQJBKX656600,QJBK656600,39.43
REGQJBKX660600,QJBK660600,39.43
REGQJBKX662600,QJBK662600,39.43
REGQJBKX664600,QJBK664600,39.43
REGQJBKX666600,QJBK666600,39.43
REGQJBKX670600,QJBK670600,39.43
REGQJBKX672600,QJBK672600,39.43
REGQJBKX674600,QJBK674600,39.43
REGQJBKX676600,QJBK676600,39.43
REGQJBKX680600,QJBK680600,39.43
REGQJBKX682600,QJBK682600,41.16
REGQJBKX684600,QJBK684600,41.16
REGQJBKX686600,QJBK686600,41.16
REGQJBKX690600,QJBK690600,41.16
REGQJBKX692600,QJBK692600,41.16
REGQJBKX694600,QJBK694600,41.16
REGQJBKX696600,QJBK696600,41.16
REGQJBKX700600,QJBK700600,41.16
REGQJBKX702600,QJBK702600,41.16
REGQJBKX704600,QJBK704600,41.16
REGQJBKX706600,QJBK706600,41.16
REGQJBKX710600,QJBK710600,41.16
REGQJBKX712600,QJBK712600,41.16
REGQJBKX714600,QJBK714600,41.16
REGQAWTX194600,QAWT194600,14.95
REGQAWTX196600,QAWT196600,14.95
REGQAWTX200600,QAWT200600,14.95
REGQAWTX202600,QAWT202600,14.95
REGQAWTX204600,QAWT204600,14.95
REGQAWTX206600,QAWT206600,14.95
REGQAWTX210600,QAWT210600,14.95
REGQAWTX212600,QAWT212600,14.95
REGQAWTX214600,QAWT214600,14.95
REGQAWTX216600,QAWT216600,14.95
REGQAWTX220600,QAWT220600,14.95
REGQAWTX222600,QAWT222600,14.95
REGQAWTX224600,QAWT224600,14.95
REGQAWTX226600,QAWT226600,14.95
REGQAWTX230600,QAWT230600,14.95
REGQAWTX232600,QAWT232600,14.95
REGQAWTX234600,QAWT234600,14.95
REGQAWTX236600,QAWT236600,14.95
REGQAWTX240600,QAWT240600,14.95
REGQAWTX242600,QAWT242600,16.98
REGQAWTX244600,QAWT244600,16.98
REGQAWTX246600,QAWT246600,16.98
REGQAWTX250600,QAWT250600,16.98
REGQAWTX252600,QAWT252600,16.98
REGQAWTX254600,QAWT254600,16.98
REGQAWTX256600,QAWT256600,16.98
REGQAWTX260600,QAWT260600,16.98
REGQAWTX262600,QAWT262600,16.98
REGQAWTX264600,QAWT264600,16.98
REGQAWTX266600,QAWT266600,16.98
REGQAWTX270600,QAWT270600,16.98
REGQAWTX272600,QAWT272600,16.98
REGQAWTX274600,QAWT274600,16.98
REGQAWTX276600,QAWT276600,16.98
REGQAWTX280600,QAWT280600,16.98
REGQAWTX282600,QAWT282600,18.63
REGQAWTX284600,QAWT284600,18.63
REGQAWTX286600,QAWT286600,18.63
REGQAWTX290600,QAWT290600,18.63
REGQAWTX292600,QAWT292600,18.63
REGQAWTX294600,QAWT294600,18.63
REGQAWTX296600,QAWT296600,18.63
REGQAWTX300600,QAWT300600,18.63
REGQAWTX302600,QAWT302600,18.63
REGQAWTX304600,QAWT304600,18.63
REGQAWTX306600,QAWT306600,18.63
REGQAWTX310600,QAWT310600,18.63
REGQAWTX312600,QAWT312600,18.63
REGQAWTX314600,QAWT314600,18.63
REGQAWTX316600,QAWT316600,18.63
REGQAWTX320600,QAWT320600,18.63
REGQAWTX322600,QAWT322600,20.11
REGQAWTX324600,QAWT324600,20.11
REGQAWTX326600,QAWT326600,20.11
REGQAWTX330600,QAWT330600,20.11
REGQAWTX332600,QAWT332600,20.11
REGQAWTX334600,QAWT334600,20.11
REGQAWTX336600,QAWT336600,20.11
REGQAWTX340600,QAWT340600,19.39
REGQAWTX342600,QAWT342600,20.11
REGQAWTX344600,QAWT344600,20.11
REGQAWTX346600,QAWT346600,20.11
REGQAWTX350600,QAWT350600,20.11
REGQAWTX352600,QAWT352600,20.11
REGQAWTX354600,QAWT354600,20.11
REGQAWTX356600,QAWT356600,20.11
REGQAWTX360600,QAWT360600,20.11
REGQKWTX200480,QKWT200480,7.07
REGQKWTX204480,QKWT204480,7.07
REGQKWTX210480,QKWT210480,7.07
REGQKWTX214480,QKWT214480,7.07
REGQKWTX220480,QKWT220480,7.07
REGQKWTX224480,QKWT224480,7.07
REGQKWTX230480,QKWT230480,7.07
REGQKWTX234480,QKWT234480,7.07
REGQKWTX240480,QKWT240480,7.07
REGQKWTX244480,QKWT244480,8.25
REGQKWTX250480,QKWT250480,8.25
REGQKWTX254480,QKWT254480,8.25
REGQKWTX260480,QKWT260480,8.25
REGQKWTX264480,QKWT264480,8.25
REGQKWTX270480,QKWT270480,8.25
REGQKWTX274480,QKWT274480,8.25
REGQKWTX280480,QKWT280480,8.25
REGQKWTX284480,QKWT284480,9.43
REGQKWTX290480,QKWT290480,9.43
REGQKWTX294480,QKWT294480,9.43
REGQKWTX300480,QKWT300480,9.43
REGQKWTX304480,QKWT304480,9.43
REGQKWTX310480,QKWT310480,9.43
REGQKWTX314480,QKWT314480,9.43
REGQKWTX320480,QKWT320480,9.43
REGQKWTX324480,QKWT324480,10.61
REGQKWTX330480,QKWT330480,10.61
REGQKWTX334480,QKWT334480,10.61
REGQKWTX340480,QKWT340480,10.61
REGQKWTX344480,QKWT344480,10.61
REGQKWTX350480,QKWT350480,10.61
REGQKWTX354480,QKWT354480,10.61
REGQKWTX360480,QKWT360480,10.61
REGQKWTX364480,QKWT364480,11.79
REGQKWTX370480,QKWT370480,11.79
REGQKWTX374480,QKWT374480,11.79
REGQKWTX380480,QKWT380480,11.79
REGQKWTX384480,QKWT384480,11.79
REGQKWTX390480,QKWT390480,11.79
REGQKWTX394480,QKWT394480,11.79
REGQKWTX400480,QKWT400480,11.79
REGQKWTX404480,QKWT404480,12.96
REGQKWTX410480,QKWT410480,12.96
REGQKWTX414480,QKWT414480,12.96
REGQKWTX420480,QKWT420480,12.96
REGQKWTX424480,QKWT424480,12.96
REGQKWTX430480,QKWT430480,12.96
REGQKWTX434480,QKWT434480,12.96
REGQKWTX440480,QKWT440480,12.96
REGQKWTX444480,QKWT444480,14.14
REGQKWTX450480,QKWT450480,14.14
REGQKWTX454480,QKWT454480,14.14
REGQKWTX460480,QKWT460480,14.14
REGQKWTX464480,QKWT464480,14.14
REGQKWTX470480,QKWT470480,14.14
REGQKWTX474480,QKWT474480,14.14
REGQKWTX480480,QKWT480480,14.14
REGQKWTX484480,QKWT484480,15.32
REGQKWTX490480,QKWT490480,15.32
REGQKWTX494480,QKWT494480,15.32
REGQKWTX500480,QKWT500480,15.32
REGQKWTX504480,QKWT504480,15.32
REGQKWTX510480,QKWT510480,15.32
REGQKWTX514480,QKWT514480,15.32
REGQKWTX520480,QKWT520480,15.32
REGQKWTX524480,QKWT524480,16.5
REGQKWTX530480,QKWT530480,16.5
REGQKWTX534480,QKWT534480,16.5
REGQKWTX540480,QKWT540480,16.5
REGQKWTX544480,QKWT544480,16.5
REGQKWTX550480,QKWT550480,16.5
REGQKWTX554480,QKWT554480,16.5
REGQKWTX560480,QKWT560480,16.5
REGQKWTX564480,QKWT564480,17.68
REGQKWTX570480,QKWT570480,17.68
REGQKWTX574480,QKWT574480,17.68
REGQKWTX580480,QKWT580480,17.68
REGQKWTX584480,QKWT584480,17.68
REGQKWTX590480,QKWT590480,17.68
REGQKWTX594480,QKWT594480,17.68
REGQKWTX600480,QKWT600480,17.68
REGQKWTX604480,QKWT604480,18.86
REGQKWTX610480,QKWT610480,18.86
REGQKWTX614480,QKWT614480,18.86
REGQKWTX620480,QKWT620480,18.86
REGQKWTX624480,QKWT624480,18.86
REGQKWTX630480,QKWT630480,18.86
REGQKWTX634480,QKWT634480,18.86
REGQKWTX640480,QKWT640480,18.86
REGQKWTX644480,QKWT644480,20.04
REGQKWTX650480,QKWT650480,20.04
REGQKWTX654480,QKWT654480,20.04
REGQKWTX660480,QKWT660480,20.04
REGQKWTX664480,QKWT664480,20.04
REGQKWTX670480,QKWT670480,20.04
REGQKWTX674480,QKWT674480,20.04
REGQKWTX680480,QKWT680480,20.04
REGQKWTX684480,QKWT684480,21.21
REGQKWTX690480,QKWT690480,21.21
REGQKWTX694480,QKWT694480,21.21
REGQKWTX700480,QKWT700480,21.21
REGQKWTX704480,QKWT704480,21.21
REGQKWTX710480,QKWT710480,21.21
REGQKWTX714480,QKWT714480,21.21
REGQKWTX720480,QKWT720480,21.21
REGQKWTX200640,QKWT200640,8.57
REGQKWTX204640,QKWT204640,8.57
REGQKWTX210640,QKWT210640,8.57
REGQKWTX214640,QKWT214640,8.57
REGQKWTX220640,QKWT220640,8.57
REGQKWTX224640,QKWT224640,8.57
REGQKWTX230640,QKWT230640,8.57
REGQKWTX234640,QKWT234640,8.57
REGQKWTX240640,QKWT240640,8.57
REGQKWTX244640,QKWT244640,10
REGQKWTX250640,QKWT250640,10
REGQKWTX254640,QKWT254640,10
REGQKWTX260640,QKWT260640,10
REGQKWTX264640,QKWT264640,10
REGQKWTX270640,QKWT270640,10
REGQKWTX274640,QKWT274640,10
REGQKWTX280640,QKWT280640,10
REGQKWTX284640,QKWT284640,11.43
REGQKWTX290640,QKWT290640,11.43
REGQKWTX294640,QKWT294640,11.43
REGQKWTX300640,QKWT300640,11.43
REGQKWTX304640,QKWT304640,11.43
REGQKWTX310640,QKWT310640,11.43
REGQKWTX314640,QKWT314640,11.43
REGQKWTX320640,QKWT320640,11.43
REGQKWTX324640,QKWT324640,12.86
REGQKWTX330640,QKWT330640,12.86
REGQKWTX334640,QKWT334640,12.86
REGQKWTX340640,QKWT340640,12.86
REGQKWTX344640,QKWT344640,12.86
REGQKWTX350640,QKWT350640,12.86
REGQKWTX354640,QKWT354640,12.86
REGQKWTX360640,QKWT360640,12.86
REGQKWTX364640,QKWT364640,14.29
REGQKWTX370640,QKWT370640,14.29
REGQKWTX374640,QKWT374640,14.29
REGQKWTX380640,QKWT380640,14.29
REGQKWTX384640,QKWT384640,14.29
REGQKWTX390640,QKWT390640,14.29
REGQKWTX394640,QKWT394640,14.29
REGQKWTX400640,QKWT400640,14.29
REGQKWTX404640,QKWT404640,15.71
REGQKWTX410640,QKWT410640,15.71
REGQKWTX414640,QKWT414640,15.71
REGQKWTX420640,QKWT420640,15.71
REGQKWTX424640,QKWT424640,15.71
REGQKWTX430640,QKWT430640,15.71
REGQKWTX434640,QKWT434640,15.71
REGQKWTX440640,QKWT440640,15.71
REGQKWTX444640,QKWT444640,17.14
REGQKWTX450640,QKWT450640,17.14
REGQKWTX454640,QKWT454640,17.14
REGQKWTX460640,QKWT460640,17.14
REGQKWTX464640,QKWT464640,17.14
REGQKWTX470640,QKWT470640,17.14
REGQKWTX474640,QKWT474640,17.14
REGQKWTX480640,QKWT480640,17.14
REGQKWTX484640,QKWT484640,18.57
REGQKWTX490640,QKWT490640,18.57
REGQKWTX494640,QKWT494640,18.57
REGQKWTX500640,QKWT500640,18.57
REGQKWTX504640,QKWT504640,18.57
REGQKWTX510640,QKWT510640,18.57
REGQKWTX514640,QKWT514640,18.57
REGQKWTX520640,QKWT520640,18.57
REGQKWTX524640,QKWT524640,20
REGQKWTX530640,QKWT530640,20
REGQKWTX534640,QKWT534640,20
REGQKWTX540640,QKWT540640,20
REGQKWTX544640,QKWT544640,20
REGQKWTX550640,QKWT550640,20
REGQKWTX554640,QKWT554640,20
REGQKWTX560640,QKWT560640,20
REGQKWTX564640,QKWT564640,21.43
REGQKWTX570640,QKWT570640,21.43
REGQKWTX574640,QKWT574640,21.43
REGQKWTX580640,QKWT580640,21.43
REGQKWTX584640,QKWT584640,21.43
REGQKWTX590640,QKWT590640,21.43
REGQKWTX594640,QKWT594640,21.43
REGQKWTX600640,QKWT600640,21.43
REGQKWTX604640,QKWT604640,22.86
REGQKWTX610640,QKWT610640,22.86
REGQKWTX614640,QKWT614640,22.86
REGQKWTX620640,QKWT620640,22.86
REGQKWTX624640,QKWT624640,22.86
REGQKWTX630640,QKWT630640,22.86
REGQKWTX634640,QKWT634640,22.86
REGQKWTX640640,QKWT640640,22.86
REGQKWTX644640,QKWT644640,24.29
REGQKWTX650640,QKWT650640,24.29
REGQKWTX654640,QKWT654640,24.29
REGQKWTX660640,QKWT660640,24.29
REGQKWTX664640,QKWT664640,24.29
REGQKWTX670640,QKWT670640,24.29
REGQKWTX674640,QKWT674640,24.29
REGQKWTX680640,QKWT680640,24.29
REGQKWTX684640,QKWT684640,25.71
REGQKWTX690640,QKWT690640,25.71
REGQKWTX694640,QKWT694640,25.71
REGQKWTX700640,QKWT700640,25.71
REGQKWTX704640,QKWT704640,25.71
REGQKWTX710640,QKWT710640,25.71
REGQKWTX714640,QKWT714640,25.71
REGQKWTX720640,QKWT720640,25.71
REGQKWTX200720,QKWT200720,9.64
REGQKWTX204720,QKWT204720,9.64
REGQKWTX210720,QKWT210720,9.64
REGQKWTX214720,QKWT214720,9.64
REGQKWTX220720,QKWT220720,9.64
REGQKWTX224720,QKWT224720,9.64
REGQKWTX230720,QKWT230720,9.64
REGQKWTX234720,QKWT234720,9.64
REGQKWTX240720,QKWT240720,9.64
REGQKWTX244720,QKWT244720,11.25
REGQKWTX250720,QKWT250720,11.25
REGQKWTX254720,QKWT254720,11.25
REGQKWTX260720,QKWT260720,11.25
REGQKWTX264720,QKWT264720,11.25
REGQKWTX270720,QKWT270720,11.25
REGQKWTX274720,QKWT274720,11.25
REGQKWTX280720,QKWT280720,11.25
REGQKWTX284720,QKWT284720,12.86
REGQKWTX290720,QKWT290720,12.86
REGQKWTX294720,QKWT294720,12.86
REGQKWTX300720,QKWT300720,12.86
REGQKWTX304720,QKWT304720,12.86
REGQKWTX310720,QKWT310720,12.86
REGQKWTX314720,QKWT314720,12.86
REGQKWTX320720,QKWT320720,12.86
REGQKWTX324720,QKWT324720,14.46
REGQKWTX330720,QKWT330720,14.46
REGQKWTX334720,QKWT334720,14.46
REGQKWTX340720,QKWT340720,14.46
REGQKWTX344720,QKWT344720,14.46
REGQKWTX350720,QKWT350720,14.46
REGQKWTX354720,QKWT354720,14.46
REGQKWTX360720,QKWT360720,14.46
REGQKWTX364720,QKWT364720,16.07
REGQKWTX370720,QKWT370720,16.07
REGQKWTX374720,QKWT374720,16.07
REGQKWTX380720,QKWT380720,16.07
REGQKWTX384720,QKWT384720,16.07
REGQKWTX390720,QKWT390720,16.07
REGQKWTX394720,QKWT394720,16.07
REGQKWTX400720,QKWT400720,16.07
REGQKWTX404720,QKWT404720,17.68
REGQKWTX410720,QKWT410720,17.68
REGQKWTX414720,QKWT414720,17.68
REGQKWTX420720,QKWT420720,17.68
REGQKWTX424720,QKWT424720,17.68
REGQKWTX430720,QKWT430720,17.68
REGQKWTX434720,QKWT434720,17.68
REGQKWTX440720,QKWT440720,17.68
REGQKWTX444720,QKWT444720,19.29
REGQKWTX450720,QKWT450720,19.29
REGQKWTX454720,QKWT454720,19.29
REGQKWTX460720,QKWT460720,19.29
REGQKWTX464720,QKWT464720,19.29
REGQKWTX470720,QKWT470720,19.29
REGQKWTX474720,QKWT474720,19.29
REGQKWTX480720,QKWT480720,19.29
REGQKWTX484720,QKWT484720,20.89
REGQKWTX490720,QKWT490720,20.89
REGQKWTX494720,QKWT494720,20.89
REGQKWTX500720,QKWT500720,20.89
REGQKWTX504720,QKWT504720,20.89
REGQKWTX510720,QKWT510720,20.89
REGQKWTX514720,QKWT514720,20.89
REGQKWTX520720,QKWT520720,20.89
REGQKWTX524720,QKWT524720,22.5
REGQKWTX530720,QKWT530720,22.5
REGQKWTX534720,QKWT534720,22.5
REGQKWTX540720,QKWT540720,22.5
REGQKWTX544720,QKWT544720,22.5
REGQKWTX550720,QKWT550720,22.5
REGQKWTX554720,QKWT554720,22.5
REGQKWTX560720,QKWT560720,22.5
REGQKWTX564720,QKWT564720,24.11
REGQKWTX570720,QKWT570720,24.11
REGQKWTX574720,QKWT574720,24.11
REGQKWTX580720,QKWT580720,24.11
REGQKWTX584720,QKWT584720,24.11
REGQKWTX590720,QKWT590720,24.11
REGQKWTX594720,QKWT594720,24.11
REGQKWTX600720,QKWT600720,24.11
REGQKWTX604720,QKWT604720,25.71
REGQKWTX610720,QKWT610720,25.71
REGQKWTX614720,QKWT614720,25.71
REGQKWTX620720,QKWT620720,25.71
REGQKWTX624720,QKWT624720,25.71
REGQKWTX630720,QKWT630720,25.71
REGQKWTX634720,QKWT634720,25.71
REGQKWTX640720,QKWT640720,25.71
REGQKWTX644720,QKWT644720,27.32
REGQKWTX650720,QKWT650720,27.32
REGQKWTX654720,QKWT654720,27.32
REGQKWTX660720,QKWT660720,27.32
REGQKWTX664720,QKWT664720,27.32
REGQKWTX670720,QKWT670720,27.32
REGQKWTX674720,QKWT674720,27.32
REGQKWTX680720,QKWT680720,27.32
REGQKWTX684720,QKWT684720,28.93
REGQKWTX690720,QKWT690720,28.93
REGQKWTX694720,QKWT694720,28.93
REGQKWTX700720,QKWT700720,28.93
REGQKWTX704720,QKWT704720,28.93
REGQKWTX710720,QKWT710720,28.93
REGQKWTX714720,QKWT714720,28.93
REGQKWTX720720,QKWT720720,28.93
REGQKWTX200600,QKWT200600,8.57
REGQKWTX204600,QKWT204600,8.57
REGQKWTX210600,QKWT210600,8.57
REGQKWTX214600,QKWT214600,8.57
REGQKWTX220600,QKWT220600,8.57
REGQKWTX224600,QKWT224600,8.57
REGQKWTX230600,QKWT230600,8.57
REGQKWTX234600,QKWT234600,8.57
REGQKWTX240600,QKWT240600,8.57
REGQKWTX244600,QKWT244600,10
REGQKWTX250600,QKWT250600,10
REGQKWTX254600,QKWT254600,10
REGQKWTX260600,QKWT260600,10
REGQKWTX264600,QKWT264600,10
REGQKWTX270600,QKWT270600,10
REGQKWTX274600,QKWT274600,10
REGQKWTX280600,QKWT280600,10
REGQKWTX284600,QKWT284600,11.43
REGQKWTX290600,QKWT290600,11.43
REGQKWTX294600,QKWT294600,11.43
REGQKWTX300600,QKWT300600,11.43
REGQKWTX304600,QKWT304600,11.43
REGQKWTX310600,QKWT310600,11.43
REGQKWTX314600,QKWT314600,11.43
REGQKWTX320600,QKWT320600,11.43
REGQKWTX324600,QKWT324600,12.86
REGQKWTX330600,QKWT330600,12.86
REGQKWTX334600,QKWT334600,12.86
REGQKWTX340600,QKWT340600,12.86
REGQKWTX344600,QKWT344600,12.86
REGQKWTX350600,QKWT350600,12.86
REGQKWTX354600,QKWT354600,12.86
REGQKWTX360600,QKWT360600,12.86
REGQKWTX364600,QKWT364600,14.29
REGQKWTX370600,QKWT370600,14.29
REGQKWTX374600,QKWT374600,14.29
REGQKWTX380600,QKWT380600,14.29
REGQKWTX384600,QKWT384600,14.29
REGQKWTX390600,QKWT390600,14.29
REGQKWTX394600,QKWT394600,14.29
REGQKWTX400600,QKWT400600,14.29
REGQKWTX404600,QKWT404600,15.71
REGQKWTX410600,QKWT410600,15.71
REGQKWTX414600,QKWT414600,15.71
REGQKWTX420600,QKWT420600,15.71
REGQKWTX424600,QKWT424600,15.71
REGQKWTX430600,QKWT430600,15.71
REGQKWTX434600,QKWT434600,15.71
REGQKWTX440600,QKWT440600,15.71
REGQKWTX444600,QKWT444600,17.14
REGQKWTX450600,QKWT450600,17.14
REGQKWTX454600,QKWT454600,17.14
REGQKWTX460600,QKWT460600,17.14
REGQKWTX464600,QKWT464600,17.14
REGQKWTX470600,QKWT470600,17.14
REGQKWTX474600,QKWT474600,17.14
REGQKWTX480600,QKWT480600,17.14
REGQKWTX484600,QKWT484600,18.57
REGQKWTX490600,QKWT490600,18.57
REGQKWTX494600,QKWT494600,18.57
REGQKWTX500600,QKWT500600,18.57
REGQKWTX504600,QKWT504600,18.57
REGQKWTX510600,QKWT510600,18.57
REGQKWTX514600,QKWT514600,18.57
REGQKWTX520600,QKWT520600,18.57
REGQKWTX524600,QKWT524600,20
REGQKWTX530600,QKWT530600,20
REGQKWTX534600,QKWT534600,20
REGQKWTX540600,QKWT540600,20
REGQKWTX544600,QKWT544600,20
REGQKWTX550600,QKWT550600,20
REGQKWTX554600,QKWT554600,20
REGQKWTX560600,QKWT560600,20
REGQKWTX564600,QKWT564600,21.43
REGQKWTX570600,QKWT570600,21.43
REGQKWTX574600,QKWT574600,21.43
REGQKWTX580600,QKWT580600,21.43
REGQKWTX584600,QKWT584600,21.43
REGQKWTX590600,QKWT590600,21.43
REGQKWTX594600,QKWT594600,21.43
REGQKWTX600600,QKWT600600,21.43
REGQKWTX604600,QKWT604600,22.86
REGQKWTX610600,QKWT610600,22.86
REGQKWTX614600,QKWT614600,22.86
REGQKWTX620600,QKWT620600,22.86
REGQKWTX624600,QKWT624600,22.86
REGQKWTX630600,QKWT630600,22.86
REGQKWTX634600,QKWT634600,22.86
REGQKWTX640600,QKWT640600,22.86
REGQKWTX644600,QKWT644600,24.29
REGQKWTX650600,QKWT650600,24.29
REGQKWTX654600,QKWT654600,24.29
REGQKWTX660600,QKWT660600,24.29
REGQKWTX664600,QKWT664600,24.29
REGQKWTX670600,QKWT670600,24.29
REGQKWTX674600,QKWT674600,24.29
REGQKWTX680600,QKWT680600,24.29
REGQKWTX684600,QKWT684600,25.71
REGQKWTX690600,QKWT690600,25.71
REGQKWTX694600,QKWT694600,25.71
REGQKWTX700600,QKWT700600,25.71
REGQKWTX704600,QKWT704600,25.71
REGQKWTX710600,QKWT710600,25.71
REGQKWTX714600,QKWT714600,25.71
REGQKWTX720600,QKWT720600,25.71
